Exercise Name,Muscle Group,Subcategory,Muscle,Movement Type,Plane,Equipment
3-board-bench-press.gif,Chest,Pectorals,Middle Chest,Push,Sagittal,Barbell
ab-wheel.gif,Abs,Core,Upper Abs,Isolation,Sagittal,Ab Wheel
active-hang.gif,Back,Upper Back,Latissimus Dorsi,Pull,Transverse,Hang Bar
air-bike-m_waist_fix.gif,Abs,Core,Obliques,Isolation,Transverse,Bodyweight
air-twisting-crunch_waist.gif,Abs,Core,Obliques,Isolation,Transverse,Bodyweight
alternate-heel-touchers.gif,Abs,Core,Obliques,Isolation,Transverse,Bodyweight
alternate-lying-floor-leg-raise.gif,Abs,Core,Lower Abs,Isolation,Sagittal,Bodyweight
alternating-hammer-curls.gif,Arm,Upper Arm,Biceps,Pull,Sagittal,Dumbbell
anderson-squat.gif,Leg,Quadriceps,Quads,Compound,Sagittal,Barbell
ankle-dorsal-flexion_calves.gif,Leg,Calves,Calves,Isolation,Sagittal,Bodyweight
anterior-deltoid-stretch.gif,Shoulder,Deltoids,Anterior Delt,Push,Frontal,Bodyweight
archer-pull-up.gif,Back,Upper Back,Latissimus Dorsi,Pull,Transverse,Bodyweight
archer-push-up.gif,Chest,Pectorals,Middle Chest,Push,Sagittal,Bodyweight
arm-blaster-benefits.gif,Arm,Upper Arm,Biceps,Pull,Sagittal,Arm Blaster
arm-circles.gif,Shoulder,Deltoids,Lateral Delt,Push,Frontal,Bodyweight
arnold-presses.gif,Shoulder,Deltoids,Anterior Delt,Push,Frontal,Dumbbell
assisted-bulgarian-split-squat.gif,Leg,Quadriceps,Quads,Compound,Sagittal,Bodyweight
assisted-dip.gif,Arm,Upper Arm,Triceps,Push,Sagittal,Bodyweight
assisted-pull-up-machine.gif,Back,Upper Back,Latissimus Dorsi,Pull,Transverse,Strength Machine
assisted-push-up-with-resistance-band.gif,Chest,Pectorals,Middle Chest,Push,Sagittal,Resistance Band
assisted-single-leg-squat.gif,Leg,Quadriceps,Quads,Compound,Sagittal,Bodyweight
atg-split-squat.gif,Leg,Quadriceps,Quads,Compound,Sagittal,Bodyweight
b-stance-hip-thrust.gif,Leg,Gluteal Group,Glutes,Compound,Sagittal,Bodyweight
back-extension.gif,Back,Lower Back,Lower Back,Stability,Sagittal,Cable Machine
ball-sit-up.gif,Abs,Core,Upper Abs,Isolation,Sagittal,Exercise Ball
band-assisted-chin-up.gif,Back,Upper Back,Latissimus Dorsi,Pull,Transverse,Resistance Band
band-assisted-pull-up.gif,Back,Upper Back,Latissimus Dorsi,Pull,Transverse,Resistance Band
band-back-row.gif,Back,Upper Back,Rhomboids,Pull,Frontal,Resistance Band
band-calf-flexion.gif,Leg,Calves,Calves,Isolation,Sagittal,Resistance Band
band-chest-fly.gif,Chest,Pectorals,Middle Chest,Push,Sagittal,Resistance Band
band-chest-press.gif,Chest,Pectorals,Middle Chest,Push,Sagittal,Resistance Band
band-donkey-kickback.gif,Leg,Gluteal Group,Glutes,Compound,Sagittal,Resistance Band
band-external-rotation.gif,Shoulder,Rotator Cuff,Infraspinatus,Stability,Transverse,Resistance Band
band-good-morning.gif,Back,Lower Back,Lower Back,Stability,Sagittal,Resistance Band
band-hip-abduction-movement.gif,Leg,Gluteal Group,Glutes,Compound,Sagittal,Resistance Band
band-internal-rotation.gif,Shoulder,Deltoids,Anterior Delt,Push,Frontal,Resistance Band
band-lat-pulldown.gif,Back,Upper Back,Latissimus Dorsi,Pull,Transverse,Resistance Band
band-leg-press.gif,Leg,Quadriceps,Quads,Compound,Sagittal,Resistance Band
band-pull-apart.gif,Back,Upper Back,Rhomboids,Pull,Frontal,Resistance Band
band-pull-through.gif,Leg,Gluteal Group,Glutes,Compound,Sagittal,Resistance Band
band-pushdown.gif,Arm,Upper Arm,Triceps,Push,Sagittal,Resistance Band
band-reverse-fly.gif,Shoulder,Deltoids,Posterior Delt,Pull,Transverse,Resistance Band
band-reverse-squat.gif,Leg,Quadriceps,Quads,Compound,Sagittal,Resistance Band
band-row.gif,Back,Upper Back,Rhomboids,Pull,Frontal,Resistance Band
band-side-lunge.gif,Leg,Quadriceps,Quads,Compound,Sagittal,Resistance Band
band-squat.gif,Leg,Quadriceps,Quads,Compound,Sagittal,Resistance Band
band-standing-external-shoulder-rotation_back.gif,Shoulder,Rotator Cuff,Infraspinatus,Stability,Transverse,Resistance Band
band-standing-hip-extension.gif,Leg,Gluteal Group,Glutes,Compound,Sagittal,Resistance Band
band-tricep-pushdown.gif,Arm,Upper Arm,Triceps,Push,Sagittal,Resistance Band
band-twist-down-up_waist.gif,Abs,Core,Obliques,Isolation,Transverse,Resistance Band
band-upright-shoulder-external-rotation_back.gif,Shoulder,Rotator Cuff,Infraspinatus,Stability,Transverse,Resistance Band
banded-back-squats.gif,Leg,Quadriceps,Quads,Compound,Sagittal,Resistance Band
banded-face-pull.gif,Shoulder,Deltoids,Posterior Delt,Pull,Transverse,Resistance Band
banded-side-steps.gif,Leg,Gluteal Group,Glutes,Compound,Sagittal,Resistance Band
banded-wide-grip-row.gif,Back,Upper Back,Rhomboids,Pull,Frontal,Resistance Band
barbell-banded-bench-press.gif,Chest,Pectorals,Middle Chest,Push,Sagittal,Barbell
barbell-bench-front-squat_thighs.gif,Leg,Quadriceps,Quads,Compound,Sagittal,Barbell
barbell-bench-press.gif,Chest,Pectorals,Middle Chest,Push,Sagittal,Barbell
barbell-bent-over-row.gif,Back,Upper Back,Rhomboids,Pull,Frontal,Barbell
barbell-cheat-curl.gif,Arm,Upper Arm,Biceps,Pull,Sagittal,Barbell
barbell-clean-and-press.gif,Shoulder,Deltoids,Anterior Delt,Push,Frontal,Barbell
barbell-concentration-curls.gif,Arm,Upper Arm,Biceps,Pull,Sagittal,Barbell
barbell-curl.gif,Arm,Upper Arm,Biceps,Pull,Sagittal,Barbell
barbell-deadlift-mixed-grip.gif,Back,Lower Back,Lower Back,Stability,Sagittal,Barbell
barbell-deadlift-movement.gif,Back,Lower Back,Lower Back,Stability,Sagittal,Barbell
barbell-decline-bench-press.gif,Chest,Pectorals,Lower Chest,Push,Sagittal,Barbell
barbell-floor-press.gif,Chest,Pectorals,Middle Chest,Push,Sagittal,Barbell
barbell-full-squat.gif,Leg,Quadriceps,Quads,Compound,Sagittal,Barbell
barbell-good-morning.gif,Back,Lower Back,Lower Back,Stability,Sagittal,Barbell
barbell-hack-squat.gif,Leg,Quadriceps,Quads,Compound,Sagittal,Barbell
barbell-hang-clean-muscles.gif,Leg,Quadriceps,Quads,Compound,Sagittal,Barbell
barbell-hip-thrust.gif,Leg,Gluteal Group,Glutes,Compound,Sagittal,Barbell
barbell-incline-bench-press.gif,Chest,Pectorals,Upper Chest,Push,Sagittal,Barbell
barbell-jm-press.gif,Arm,Upper Arm,Triceps,Push,Sagittal,Barbell
barbell-lateral-lunge_hips_1.gif,Shoulder,Deltoids,Posterior Delt,Pull,Transverse,Barbell
barbell-lunge_thighs.gif,Leg,Quadriceps,Quads,Compound,Sagittal,Barbell
barbell-lying-triceps-extension_upper-arms.gif,Arm,Upper Arm,Triceps,Push,Sagittal,Barbell
barbell-narrow-stance-squat.gif,Leg,Quadriceps,Quads,Compound,Sagittal,Barbell
barbell-one-leg-hip-thrust_hips.gif,Leg,Gluteal Group,Glutes,Compound,Sagittal,Barbell
barbell-overhead-press.gif,Shoulder,Deltoids,Anterior Delt,Push,Frontal,Barbell
barbell-overhead-squat.gif,Leg,Quadriceps,Quads,Compound,Sagittal,Barbell
barbell-pause-bench.gif,Chest,Pectorals,Middle Chest,Push,Sagittal,Barbell
barbell-preacher-curl.gif,Arm,Upper Arm,Biceps,Pull,Sagittal,Barbell
barbell-pullover.gif,Chest,Pectorals,Upper Chest,Push,Sagittal,Barbell
barbell-push-jerk-muscles.gif,Shoulder,Deltoids,Anterior Delt,Push,Frontal,Barbell
barbell-rack-pull.gif,Back,Lower Back,Lower Back,Stability,Sagittal,Barbell
barbell-reverse-curl.gif,Arm,Forearm,Forearms,Isolation,Sagittal,Barbell
barbell-reverse-grip-bent-over-row-female_back.gif,Back,Upper Back,Latissimus Dorsi,Pull,Transverse,Barbell
barbell-reverse-grip-incline-bench-row_back.gif,Back,Upper Back,Latissimus Dorsi,Pull,Transverse,Barbell
barbell-reverse-wrist-curl.gif,Arm,Forearm,Forearms,Isolation,Sagittal,Barbell
barbell-rollout.gif,Abs,Core,Upper Abs,Isolation,Sagittal,Barbell
barbell-romanian-deadlift-movement.gif,Leg,Hamstring Group,Hamstrings,Compound,Sagittal,Barbell
barbell-seal-row.gif,Back,Upper Back,Rhomboids,Pull,Frontal,Barbell
barbell-seated-overhead-press_shoulders.gif,Shoulder,Deltoids,Anterior Delt,Push,Frontal,Barbell
barbell-shrug_back.gif,Back,Upper Back,Trapezius,Pull,Frontal,Barbell
barbell-shrug-muscles.gif,Back,Upper Back,Trapezius,Pull,Frontal,Barbell
barbell-single-leg-deadlift.gif,Leg,Hamstring Group,Hamstrings,Compound,Sagittal,Barbell
barbell-single-leg-split-squat-female_thighs.gif,Leg,Quadriceps,Quads,Compound,Sagittal,Barbell
barbell-skier_shoulders.gif,Shoulder,Deltoids,Posterior Delt,Pull,Transverse,Barbell
barbell-snatch.gif,Leg,Quadriceps,Quads,Compound,Sagittal,Barbell
barbell-split-squat.gif,Leg,Quadriceps,Quads,Compound,Sagittal,Barbell
barbell-squat-clean.gif,Leg,Quadriceps,Quads,Compound,Sagittal,Barbell
barbell-standing-back-wrist-curl_forearms.gif,Arm,Forearm,Forearms,Isolation,Sagittal,Barbell
barbell-standing-overhead-triceps-extension_upper-arms.gif,Arm,Upper Arm,Triceps,Push,Sagittal,Barbell
barbell-standing-reverse-grip-curl_forearms.gif,Arm,Forearm,Forearms,Isolation,Sagittal,Barbell
barbell-sumo-squat.gif,Leg,Quadriceps,Quads,Compound,Sagittal,Barbell
barbell-upright-row_shoulder.gif,Shoulder,Deltoids,Lateral Delt,Push,Frontal,Barbell
barbell-upright-row-standing.gif,Shoulder,Deltoids,Lateral Delt,Push,Frontal,Barbell
barbell-wide-grip-bench-press.gif,Chest,Pectorals,Middle Chest,Push,Sagittal,Barbell
barbell-wide-grip-upright-row_shoulders.gif,Shoulder,Deltoids,Lateral Delt,Push,Frontal,Barbell
barbell-wrist-curl-ii_forearms.gif,Arm,Forearm,Forearms,Isolation,Sagittal,Barbell
barbell-wrist-curl.gif,Arm,Forearm,Forearms,Isolation,Sagittal,Barbell
barbell-zercher-squat_hips.gif,Leg,Quadriceps,Quads,Compound,Sagittal,Barbell
battle-ropes-exercise.gif,Shoulder,Deltoids,Anterior Delt,Push,Frontal,Rope
bayesian-curl.gif,Arm,Upper Arm,Biceps,Pull,Sagittal,Dumbbell
bear-crawl-movement.gif,Shoulder,Deltoids,Anterior Delt,Push,Frontal,Bodyweight
behind-the-back-biceps-stretches.gif,Arm,Upper Arm,Biceps,Pull,Sagittal,Bodyweight
behind-the-back-shrug.gif,Back,Upper Back,Trapezius,Pull,Frontal,Bodyweight
behind-the-back-wrist-curl.gif,Arm,Forearm,Forearms,Isolation,Sagittal,Dumbbell
behind-the-neck-pull-up.gif,Back,Upper Back,Latissimus Dorsi,Pull,Transverse,Bodyweight
belt-squat-between-boxes.gif,Leg,Quadriceps,Quads,Compound,Sagittal,Bodyweight
belt-squat.gif,Leg,Quadriceps,Quads,Compound,Sagittal,Bodyweight
bench-dip-on-floor_upper-arms.gif,Arm,Upper Arm,Triceps,Push,Sagittal,Bodyweight
bench-dip.gif,Arm,Upper Arm,Triceps,Push,Sagittal,Bodyweight
bench-dips-on-floor.gif,Arm,Upper Arm,Triceps,Push,Sagittal,Bodyweight
bench-press-elbow-flaring.gif,Chest,Pectorals,Middle Chest,Push,Sagittal,Barbell
bench-press-feet-up.gif,Chest,Pectorals,Middle Chest,Push,Sagittal,Barbell
bench-press-glutes.gif,Chest,Pectorals,Middle Chest,Push,Sagittal,Barbell
bench-tricep-dips.gif,Arm,Upper Arm,Triceps,Push,Sagittal,Bodyweight
benefits-of-farmers-walks.gif,Back,Upper Back,Trapezius,Pull,Frontal,Weights
bicep-curl-machine.gif,Arm,Upper Arm,Biceps,Pull,Sagittal,Dumbbell
biceps-curl-jerking-weight.gif,Arm,Upper Arm,Biceps,Pull,Sagittal,Dumbbell
bicycle-crunch.gif,Abs,Core,Obliques,Isolation,Transverse,Bodyweight
block-pull-deadlift.gif,Back,Lower Back,Lower Back,Stability,Sagittal,Barbell
board-chest-press.gif,Chest,Pectorals,Middle Chest,Push,Sagittal,Dumbbell
boat-pose.gif,Abs,Core,Upper Abs,Isolation,Sagittal,Bodyweight
body-saw-plank.gif,Abs,Core,Upper Abs,Isolation,Sagittal,Bodyweight
bodyweight-bicep-curl.gif,Arm,Upper Arm,Biceps,Pull,Sagittal,Dumbbell
bodyweight-bulgarian-split-squat.gif,Leg,Quadriceps,Quads,Compound,Sagittal,Bodyweight
bodyweight-forward-lunge.gif,Leg,Quadriceps,Quads,Compound,Sagittal,Bodyweight
bodyweight-hip-thrust.gif,Leg,Gluteal Group,Glutes,Compound,Sagittal,Bodyweight
bodyweight-side-lying-biceps-curl_upper-arms.gif,Arm,Upper Arm,Biceps,Pull,Sagittal,Dumbbell
bodyweight-sissy-squat.gif,Leg,Quadriceps,Quads,Compound,Sagittal,Bodyweight
bodyweight-squat.gif,Leg,Quadriceps,Quads,Compound,Sagittal,Bodyweight
bodyweight-towel-row.gif,Back,Upper Back,Rhomboids,Pull,Frontal,Dumbbell
bodyweight-walking-lunge-movement.gif,Leg,Quadriceps,Quads,Compound,Sagittal,Bodyweight
bosu-ball-crunch.gif,Abs,Core,Upper Abs,Isolation,Sagittal,Bosu Ball
bosu-ball-push-up.gif,Chest,Pectorals,Middle Chest,Push,Sagittal,Bosu Ball
box-jump.gif,Leg,Quadriceps,Quads,Compound,Sagittal,Box
box-squat-muscles-used.gif,Leg,Quadriceps,Quads,Compound,Sagittal,Bodyweight
boxing.gif,Shoulder,Deltoids,Anterior Delt,Push,Frontal,Boxing Gloves
bridge-pulse.gif,Leg,Gluteal Group,Glutes,Compound,Sagittal,Bodyweight
bulgarian-split-squat.gif,Leg,Quadriceps,Quads,Compound,Sagittal,Bodyweight
burpee-long-jump.gif,Leg,Quadriceps,Quads,Compound,Sagittal,Bodyweight
burpee-mountain-climber.gif,Shoulder,Deltoids,Anterior Delt,Push,Frontal,Bodyweight
burpee.gif,Leg,Quadriceps,Quads,Compound,Sagittal,Bodyweight
burpee-push-up.gif,Chest,Pectorals,Middle Chest,Push,Sagittal,Bodyweight
burpee-squat.gif,Leg,Quadriceps,Quads,Compound,Sagittal,Bodyweight
butterfly-sit-up.gif,Abs,Core,Upper Abs,Isolation,Sagittal,Bodyweight
butterfly-yoga-pose.gif,Leg,Adductors,Adductors,Compound,Frontal,Bodyweight
cable-bench-press.gif,Chest,Pectorals,Middle Chest,Push,Sagittal,Cable Machine
cable-bicep-curl.gif,Arm,Upper Arm,Biceps,Pull,Sagittal,Cable Machine
cable-cross-over-lat-pulldown.gif,Back,Upper Back,Latissimus Dorsi,Pull,Transverse,Cable Machine
cable-crossover.gif,Chest,Pectorals,Middle Chest,Push,Sagittal,Cable Machine
cable-donkey-kickback-movement.gif,Leg,Gluteal Group,Glutes,Compound,Sagittal,Cable Machine
cable-drag-curl.gif,Arm,Upper Arm,Biceps,Pull,Sagittal,Cable Machine
cable-face-pull.gif,Shoulder,Deltoids,Posterior Delt,Pull,Transverse,Cable Machine
cable-fly.gif,Chest,Pectorals,Middle Chest,Push,Sagittal,Cable Machine
cable-forward-raise_shoulders.gif,Shoulder,Deltoids,Anterior Delt,Push,Frontal,Cable Machine
cable-front-raise_shoulders.gif,Shoulder,Deltoids,Anterior Delt,Push,Frontal,Cable Machine
cable-front-squat.gif,Leg,Quadriceps,Quads,Compound,Sagittal,Cable Machine
cable-high-row.gif,Back,Upper Back,Rhomboids,Pull,Frontal,Cable Machine
cable-hip-abduction-version-2_hips.gif,Leg,Gluteal Group,Glutes,Compound,Sagittal,Cable Machine
cable-kickback_upper-arms.gif,Arm,Upper Arm,Triceps,Push,Sagittal,Cable Machine
cable-kickback.gif,Arm,Upper Arm,Triceps,Push,Sagittal,Cable Machine
cable-knee-crunch.gif,Abs,Core,Upper Abs,Isolation,Sagittal,Cable Machine
cable-lat-pulldown.gif,Back,Upper Back,Latissimus Dorsi,Pull,Transverse,Cable Machine
cable-lying-curl.gif,Abs,Core,Upper Abs,Isolation,Sagittal,Cable Machine
cable-lying-pullover.gif,Chest,Pectorals,Upper Chest,Push,Sagittal,Cable Machine
cable-lying-tricep-extension.gif,Arm,Upper Arm,Triceps,Push,Sagittal,Cable Machine
cable-neutral-grip-lat-pulldown.gif,Back,Upper Back,Latissimus Dorsi,Pull,Transverse,Cable Machine
cable-one-arm-curl.gif,Arm,Upper Arm,Biceps,Pull,Sagittal,Cable Machine
cable-one-arm-lat-pulldown.gif,Back,Upper Back,Latissimus Dorsi,Pull,Transverse,Cable Machine
cable-one-arm-lateral-raise.gif,Shoulder,Deltoids,Lateral Delt,Push,Frontal,Cable Machine
cable-one-arm-seated-row.gif,Back,Upper Back,Rhomboids,Pull,Frontal,Cable Machine
cable-preacher-curl.gif,Arm,Upper Arm,Biceps,Pull,Sagittal,Cable Machine
cable-pull-through.gif,Leg,Gluteal Group,Glutes,Compound,Sagittal,Cable Machine
cable-pushdown-with-rope-attachment_upper-arms.gif,Arm,Upper Arm,Triceps,Push,Sagittal,Cable Machine
cable-pushdown.gif,Arm,Upper Arm,Triceps,Push,Sagittal,Cable Machine
cable-rear-delt-fly.gif,Shoulder,Deltoids,Posterior Delt,Pull,Transverse,Cable Machine
cable-rear-delt-row.gif,Back,Upper Back,Rhomboids,Pull,Frontal,Cable Machine
cable-reverse-grip-triceps-pushdown.gif,Arm,Upper Arm,Triceps,Push,Sagittal,Cable Machine
cable-reverse-wrist-curl.gif,Arm,Forearm,Forearms,Isolation,Sagittal,Cable Machine
cable-row.gif,Back,Upper Back,Rhomboids,Pull,Frontal,Cable Machine
cable-seated-cross-arm-twist.gif,Abs,Core,Obliques,Isolation,Transverse,Cable Machine
cable-seated-crunch.gif,Abs,Core,Upper Abs,Isolation,Sagittal,Cable Machine
cable-seated-row.gif,Back,Upper Back,Rhomboids,Pull,Frontal,Cable Machine
cable-shoulder-press.gif,Shoulder,Deltoids,Anterior Delt,Push,Frontal,Cable Machine
cable-shrug.gif,Back,Upper Back,Trapezius,Pull,Frontal,Cable Machine
cable-single-arm-hammer-curl.gif,Arm,Upper Arm,Biceps,Pull,Sagittal,Cable Machine
cable-standing-calf-raise.gif,Leg,Calves,Calves,Isolation,Sagittal,Cable Machine
cable-standing-chest-press.gif,Chest,Pectorals,Middle Chest,Push,Sagittal,Cable Machine
cable-standing-crossover.gif,Chest,Pectorals,Middle Chest,Push,Sagittal,Cable Machine
cable-standing-crunch.gif,Abs,Core,Upper Abs,Isolation,Sagittal,Cable Machine
cable-standing-one-arm-triceps-extension_upper-arms.gif,Arm,Upper Arm,Triceps,Push,Sagittal,Cable Machine
cable-standing-rear-delt-row-with-rope.gif,Shoulder,Deltoids,Posterior Delt,Pull,Transverse,Cable Machine
cable-step-up.gif,Leg,Quadriceps,Quads,Compound,Sagittal,Cable Machine
cable-tricep-kickback.gif,Arm,Upper Arm,Triceps,Push,Sagittal,Cable Machine
cable-tricep-overhead-extensions.gif,Arm,Upper Arm,Triceps,Push,Sagittal,Cable Machine
cable-tricep-pushdown.gif,Arm,Upper Arm,Triceps,Push,Sagittal,Cable Machine
cable-triceps-pushdown-v-bar-attachment_upper-arms.gif,Arm,Upper Arm,Triceps,Push,Sagittal,Cable Machine
cable-underhand-row.gif,Back,Upper Back,Latissimus Dorsi,Pull,Transverse,Cable Machine
cable-wide-grip-row.gif,Back,Upper Back,Latissimus Dorsi,Pull,Transverse,Cable Machine
cable-y-raise.gif,Shoulder,Deltoids,Posterior Delt,Pull,Transverse,Cable Machine
cabled-seated-rear-lateral-raise.gif,Shoulder,Deltoids,Posterior Delt,Pull,Transverse,Cable Machine
calf-squats.gif,Leg,Calves,Calves,Isolation,Sagittal,Bodyweight
captains-chair-knee-raise.gif,Abs,Core,Lower Abs,Isolation,Sagittal,Captains Chair
chain-sumo-squat.gif,Leg,Quadriceps,Quads,Compound,Sagittal,Bodyweight
chest-dip-movement.gif,Chest,Pectorals,Lower Chest,Push,Sagittal,Bodyweight
chest-press-machine.gif,Chest,Pectorals,Middle Chest,Push,Sagittal,Dumbbell
chest-squeeze.gif,Chest,Pectorals,Middle Chest,Push,Sagittal,Bodyweight
childs-pose.gif,Back,Lower Back,Lower Back,Stability,Sagittal,Bodyweight
chin-ups.gif,Back,Upper Back,Latissimus Dorsi,Pull,Transverse,Bodyweight
clapping-push-ups.gif,Chest,Pectorals,Middle Chest,Push,Sagittal,Bodyweight
clean-jerk.gif,Leg,Quadriceps,Quads,Compound,Sagittal,Barbell
close-grip-band-row.gif,Back,Upper Back,Rhomboids,Pull,Frontal,Resistance Band
close-grip-barbell-curl.gif,Arm,Upper Arm,Biceps,Pull,Sagittal,Barbell
close-grip-bench-press-movement.gif,Chest,Pectorals,Middle Chest,Push,Sagittal,Barbell
close-grip-chin-up.gif,Arm,Upper Arm,Biceps,Pull,Sagittal,Bodyweight
close-grip-lat-pulldown-standard-bar-attachment.gif,Back,Upper Back,Latissimus Dorsi,Pull,Transverse,Cable Machine
close-grip-lat-pulldown.gif,Back,Upper Back,Latissimus Dorsi,Pull,Transverse,Cable Machine
close-grip-preacher-curl.gif,Arm,Upper Arm,Biceps,Pull,Sagittal,Dumbbell
close-grip-pull-up.gif,Back,Upper Back,Latissimus Dorsi,Pull,Transverse,Bodyweight
close-grip-push-up_upper-arms.gif,Chest,Pectorals,Middle Chest,Push,Sagittal,Bodyweight
close-grip-pushup.gif,Chest,Pectorals,Middle Chest,Push,Sagittal,Bodyweight
cobra-push-up.gif,Chest,Pectorals,Upper Chest,Push,Sagittal,Bodyweight
commando-pull-up.gif,Back,Upper Back,Latissimus Dorsi,Pull,Transverse,Bodyweight
conventional-single-leg-squat-muscles.gif,Leg,Quadriceps,Quads,Compound,Sagittal,Bodyweight
conventional-sit-up.gif,Abs,Core,Upper Abs,Isolation,Sagittal,Bodyweight
cossack-squat.gif,Leg,Quadriceps,Quads,Compound,Sagittal,Bodyweight
cross-body-hammer-curl.gif,Arm,Upper Arm,Biceps,Pull,Sagittal,Dumbbell
crossfit-cluster.gif,Leg,Quadriceps,Quads,Compound,Sagittal,Barbell
crunch-floor.gif,Abs,Core,Upper Abs,Isolation,Sagittal,Bodyweight
crunch-hands-overhead_waist.gif,Abs,Core,Upper Abs,Isolation,Sagittal,Bodyweight
crunch-straight-leg-up_waist.gif,Abs,Core,Upper Abs,Isolation,Sagittal,Bodyweight
crunch.gif,Abs,Core,Upper Abs,Isolation,Sagittal,Bodyweight
curtsy-lunge.gif,Leg,Quadriceps,Quads,Compound,Sagittal,Bodyweight
cycling-muscles.gif,Leg,Quadriceps,Quads,Compound,Sagittal,Bodyweight
cyclist-squat.gif,Leg,Quadriceps,Quads,Compound,Sagittal,Bodyweight
db-push-press.gif,Shoulder,Deltoids,Anterior Delt,Push,Frontal,Dumbbell
dead-bug_waist.gif,Abs,Core,Lower Abs,Isolation,Sagittal,Bodyweight
dead-hang.gif,Back,Upper Back,Latissimus Dorsi,Pull,Transverse,Hang Bar
dead-squat.gif,Leg,Quadriceps,Quads,Compound,Sagittal,Bodyweight
deadlift-back-view.gif,Back,Lower Back,Lower Back,Stability,Sagittal,Barbell
deadlift-hook-grip.gif,Back,Lower Back,Lower Back,Stability,Sagittal,Barbell
deadlift.gif,Back,Lower Back,Lower Back,Stability,Sagittal,Barbell
decline-cable-fly.gif,Chest,Pectorals,Lower Chest,Push,Sagittal,Cable Machine
decline-crunch.gif,Abs,Core,Upper Abs,Isolation,Sagittal,Bodyweight
decline-pike-push-up.gif,Chest,Pectorals,Upper Chest,Push,Sagittal,Bodyweight
decline-push-up-on-stability-ball_chest.gif,Chest,Pectorals,Upper Chest,Push,Sagittal,Stability Ball
decline-push-up.gif,Chest,Pectorals,Lower Chest,Push,Sagittal,Bodyweight
decline-sit-up.gif,Abs,Core,Upper Abs,Isolation,Sagittal,Bodyweight
deficit-bulgarian-split-squat.gif,Leg,Quadriceps,Quads,Compound,Sagittal,Bodyweight
deficit-deadlift.gif,Back,Lower Back,Lower Back,Stability,Sagittal,Barbell
deficit-push-ups.gif,Chest,Pectorals,Middle Chest,Push,Sagittal,Bodyweight
deficit-romanian-deadlift.gif,Leg,Hamstring Group,Hamstrings,Compound,Sagittal,Barbell
degree-twisting-hyperextension_hips_1.gif,Arm,Upper Arm,Triceps,Push,Sagittal,Cable Machine
diamond-pushup.gif,Chest,Pectorals,Middle Chest,Push,Sagittal,Bodyweight
dive-bomber-push-ups.gif,Chest,Pectorals,Middle Chest,Push,Sagittal,Bodyweight
donkey-calf-raise-machine.gif,Leg,Calves,Calves,Isolation,Sagittal,Bodyweight
donkey-calf-raise.gif,Leg,Calves,Calves,Isolation,Sagittal,Bodyweight
donkey-kicks.gif,Leg,Gluteal Group,Glutes,Compound,Sagittal,Bodyweight
doorway-chest-stretch.gif,Chest,Pectorals,Middle Chest,Push,Sagittal,Bodyweight
drag-curl.gif,Arm,Upper Arm,Biceps,Pull,Sagittal,Dumbbell
dragon-flag.gif,Abs,Core,Lower Abs,Isolation,Sagittal,Bodyweight
duck-walk.gif,Leg,Quadriceps,Quads,Compound,Sagittal,Bodyweight
dumbbell-arnold-press_shoulders.gif,Shoulder,Deltoids,Anterior Delt,Push,Frontal,Dumbbell
dumbbell-back-extension.gif,Back,Lower Back,Lower Back,Stability,Sagittal,Dumbbell
dumbbell-banded-hip-thrust.gif,Leg,Gluteal Group,Glutes,Compound,Sagittal,Dumbbell
dumbbell-bench-press.gif,Chest,Pectorals,Middle Chest,Push,Sagittal,Dumbbell
dumbbell-bench-squat-female_thighs.gif,Leg,Quadriceps,Quads,Compound,Sagittal,Dumbbell
dumbbell-bent-over-curl.gif,Arm,Upper Arm,Biceps,Pull,Sagittal,Dumbbell
dumbbell-bent-over-row_back_back.gif,Back,Upper Back,Latissimus Dorsi,Pull,Transverse,Dumbbell
dumbbell-bicep-curl.gif,Arm,Upper Arm,Biceps,Pull,Sagittal,Dumbbell
dumbbell-biceps-curl-reverse_upper-arms.gif,Arm,Forearm,Forearms,Isolation,Sagittal,Dumbbell
dumbbell-bulgarian-split-squats.gif,Leg,Quadriceps,Quads,Compound,Sagittal,Dumbbell
dumbbell-burpee-movement.gif,Leg,Quadriceps,Quads,Compound,Sagittal,Dumbbell
dumbbell-calf-raise.gif,Leg,Calves,Calves,Isolation,Sagittal,Dumbbell
dumbbell-chest-fly-muscles.gif,Chest,Pectorals,Middle Chest,Push,Sagittal,Dumbbell
dumbbell-chest-press.gif,Chest,Pectorals,Middle Chest,Push,Sagittal,Dumbbell
dumbbell-chest-supported-lateral-raise.gif,Shoulder,Deltoids,Lateral Delt,Push,Frontal,Dumbbell
dumbbell-close-grip-press.gif,Arm,Upper Arm,Triceps,Push,Sagittal,Dumbbell
dumbbell-concentration-curl.gif,Arm,Upper Arm,Biceps,Pull,Sagittal,Dumbbell
dumbbell-deadlift_back.gif,Back,Lower Back,Lower Back,Stability,Sagittal,Dumbbell
dumbbell-deadlift-movement.gif,Back,Lower Back,Lower Back,Stability,Sagittal,Dumbbell
dumbbell-deadlift-neutral-grip.gif,Back,Lower Back,Lower Back,Stability,Sagittal,Dumbbell
dumbbell-deadlift.gif,Back,Lower Back,Lower Back,Stability,Sagittal,Dumbbell
dumbbell-decline-chest-fly.gif,Chest,Pectorals,Lower Chest,Push,Sagittal,Dumbbell
dumbbell-devils-press-movement.gif,Shoulder,Deltoids,Anterior Delt,Push,Frontal,Dumbbell
dumbbell-external-rotation.gif,Shoulder,Deltoids,Posterior Delt,Pull,Transverse,Dumbbell
dumbbell-face-pull.gif,Shoulder,Deltoids,Posterior Delt,Pull,Transverse,Dumbbell
dumbbell-floor-press.gif,Chest,Pectorals,Middle Chest,Push,Sagittal,Dumbbell
dumbbell-fly_chest.gif,Chest,Pectorals,Middle Chest,Push,Sagittal,Dumbbell
dumbbell-forward-leaning-lunge_thighs.gif,Leg,Quadriceps,Quads,Compound,Sagittal,Dumbbell
dumbbell-front-raise.gif,Shoulder,Deltoids,Anterior Delt,Push,Frontal,Dumbbell
dumbbell-front-squat.gif,Leg,Quadriceps,Quads,Compound,Sagittal,Dumbbell
dumbbell-glute-bridge.gif,Leg,Gluteal Group,Glutes,Compound,Sagittal,Dumbbell
dumbbell-goblet-squat-muscles.gif,Leg,Quadriceps,Quads,Compound,Sagittal,Dumbbell
dumbbell-good-morning.gif,Back,Lower Back,Lower Back,Stability,Sagittal,Dumbbell
dumbbell-hack-squat.gif,Leg,Quadriceps,Quads,Compound,Sagittal,Dumbbell
dumbbell-hammer-curl.gif,Arm,Upper Arm,Biceps,Pull,Sagittal,Dumbbell
dumbbell-hex-press.gif,Chest,Pectorals,Middle Chest,Push,Sagittal,Dumbbell
dumbbell-hip-thrust.gif,Leg,Gluteal Group,Glutes,Compound,Sagittal,Dumbbell
dumbbell-incline-chest-press.gif,Chest,Pectorals,Upper Chest,Push,Sagittal,Dumbbell
dumbbell-incline-fly_chest.gif,Chest,Pectorals,Upper Chest,Push,Sagittal,Dumbbell
dumbbell-incline-hammer-curl.gif,Arm,Upper Arm,Biceps,Pull,Sagittal,Dumbbell
dumbbell-incline-reverse-grip-bench.gif,Chest,Pectorals,Upper Chest,Push,Sagittal,Dumbbell
dumbbell-incline-row.gif,Back,Upper Back,Rhomboids,Pull,Frontal,Dumbbell
dumbbell-incline-y-raise.gif,Shoulder,Deltoids,Posterior Delt,Pull,Transverse,Dumbbell
dumbbell-jefferson-curl.gif,Back,Lower Back,Lower Back,Stability,Sagittal,Dumbbell
dumbbell-kickbacks-on-exercise-ball_upper-arms.gif,Arm,Upper Arm,Triceps,Push,Sagittal,Dumbbell
dumbbell-lateral-raise-variations.gif,Shoulder,Deltoids,Lateral Delt,Push,Frontal,Dumbbell
dumbbell-lateral-raise.gif,Shoulder,Deltoids,Lateral Delt,Push,Frontal,Dumbbell
dumbbell-leg-curl.gif,Leg,Hamstring Group,Hamstrings,Compound,Sagittal,Dumbbell
dumbbell-lunge.gif,Leg,Quadriceps,Quads,Compound,Sagittal,Dumbbell
dumbbell-lying-one-arm-rear-lateral-raise_shoulder.gif,Shoulder,Deltoids,Posterior Delt,Pull,Transverse,Dumbbell
dumbbell-lying-rear-lateral-raise_shoulder.gif,Shoulder,Deltoids,Posterior Delt,Pull,Transverse,Dumbbell
dumbbell-military-press.gif,Shoulder,Deltoids,Anterior Delt,Push,Frontal,Dumbbell
dumbbell-one-arm-chest-press.gif,Chest,Pectorals,Middle Chest,Push,Sagittal,Dumbbell
dumbbell-one-arm-lateral-raise_shoulder.gif,Shoulder,Deltoids,Lateral Delt,Push,Frontal,Dumbbell
dumbbell-one-arm-reverse-preacher-curl_forearms.gif,Arm,Forearm,Forearms,Isolation,Sagittal,Dumbbell
dumbbell-over-bench-one-arm-reverse-wrist-curl_forearms.gif,Arm,Forearm,Forearms,Isolation,Sagittal,Dumbbell
dumbbell-peacher-hammer-curl_forearms.gif,Arm,Upper Arm,Biceps,Pull,Sagittal,Dumbbell
dumbbell-power-clean-animated.gif,Leg,Quadriceps,Quads,Compound,Sagittal,Dumbbell
dumbbell-preacher-curl.gif,Arm,Upper Arm,Biceps,Pull,Sagittal,Dumbbell
dumbbell-preacher-hammer-curls.gif,Arm,Upper Arm,Biceps,Pull,Sagittal,Dumbbell
dumbbell-pullover.gif,Chest,Pectorals,Upper Chest,Push,Sagittal,Dumbbell
dumbbell-push-jerk.gif,Shoulder,Deltoids,Anterior Delt,Push,Frontal,Dumbbell
dumbbell-rear-delt-fly.gif,Shoulder,Deltoids,Posterior Delt,Pull,Transverse,Dumbbell
dumbbell-rear-delt-row.gif,Shoulder,Deltoids,Posterior Delt,Pull,Transverse,Dumbbell
dumbbell-rear-lateral-raise_shoulders.gif,Shoulder,Deltoids,Posterior Delt,Pull,Transverse,Dumbbell
dumbbell-reverse-curl.gif,Arm,Forearm,Forearms,Isolation,Sagittal,Dumbbell
dumbbell-reverse-fly.gif,Shoulder,Deltoids,Posterior Delt,Pull,Transverse,Dumbbell
dumbbell-reverse-wrist-curl-muscles.gif,Arm,Forearm,Forearms,Isolation,Sagittal,Dumbbell
dumbbell-romanian-deadlift.gif,Leg,Hamstring Group,Hamstrings,Compound,Sagittal,Dumbbell
dumbbell-row.gif,Back,Upper Back,Rhomboids,Pull,Frontal,Dumbbell
dumbbell-scott-press_shoulders.gif,Shoulder,Deltoids,Anterior Delt,Push,Frontal,Dumbbell
dumbbell-seated-alternate-front-raise_shoulders.gif,Shoulder,Deltoids,Anterior Delt,Push,Frontal,Dumbbell
dumbbell-seated-bent-arm-lateral-raise_shoulders.gif,Shoulder,Deltoids,Lateral Delt,Push,Frontal,Dumbbell
dumbbell-seated-front-raise-female_shoulders.gif,Shoulder,Deltoids,Anterior Delt,Push,Frontal,Dumbbell
dumbbell-seated-kickback_upper-arms.gif,Arm,Upper Arm,Triceps,Push,Sagittal,Dumbbell
dumbbell-seated-reverse-grip-one-arm-overhead-tricep-extension_upper-arms.gif,Arm,Upper Arm,Triceps,Push,Sagittal,Dumbbell
dumbbell-seated-shoulder-press-female_shoulders.gif,Shoulder,Deltoids,Anterior Delt,Push,Frontal,Dumbbell
dumbbell-seated-triceps-extension_upper-arms.gif,Arm,Upper Arm,Triceps,Push,Sagittal,Dumbbell
dumbbell-seated-zottman-curl.gif,Arm,Upper Arm,Biceps,Pull,Sagittal,Dumbbell
dumbbell-shoulder-press.gif,Shoulder,Deltoids,Anterior Delt,Push,Frontal,Dumbbell
dumbbell-shrug.gif,Back,Upper Back,Trapezius,Pull,Frontal,Dumbbell
dumbbell-side-bend.gif,Abs,Core,Obliques,Isolation,Transverse,Dumbbell
dumbbell-single-arm-snatch.gif,Shoulder,Deltoids,Anterior Delt,Push,Frontal,Dumbbell
dumbbell-single-leg-glute-bridge.gif,Leg,Gluteal Group,Glutes,Compound,Sagittal,Dumbbell
dumbbell-single-leg-hip-thrust.gif,Leg,Gluteal Group,Glutes,Compound,Sagittal,Dumbbell
dumbbell-split-squat.gif,Leg,Quadriceps,Quads,Compound,Sagittal,Dumbbell
dumbbell-squat.gif,Leg,Quadriceps,Quads,Compound,Sagittal,Dumbbell
dumbbell-standing-alternate-overhead-press_shoulders.gif,Shoulder,Deltoids,Anterior Delt,Push,Frontal,Dumbbell
dumbbell-standing-inner-biceps-curl-version-2_upper-arms.gif,Arm,Upper Arm,Biceps,Pull,Sagittal,Dumbbell
dumbbell-standing-lateral-raise-female_shoulders.gif,Shoulder,Deltoids,Lateral Delt,Push,Frontal,Dumbbell
dumbbell-step-up-single-leg-balance-with-bicep-curl_upper-arms.gif,Arm,Upper Arm,Biceps,Pull,Sagittal,Dumbbell
dumbbell-step-up.gif,Leg,Quadriceps,Quads,Compound,Sagittal,Dumbbell
dumbbell-stiff-leg-deadlift.gif,Leg,Hamstring Group,Hamstrings,Compound,Sagittal,Dumbbell
dumbbell-sumo-deadlift.gif,Leg,Gluteal Group,Glutes,Compound,Sagittal,Dumbbell
dumbbell-sumo-goblet-squat.gif,Leg,Quadriceps,Quads,Compound,Sagittal,Dumbbell
dumbbell-sumo-squat.gif,Leg,Quadriceps,Quads,Compound,Sagittal,Dumbbell
dumbbell-superman-pulls.gif,Back,Lower Back,Lower Back,Stability,Sagittal,Dumbbell
dumbbell-svend-press.gif,Chest,Pectorals,Middle Chest,Push,Sagittal,Dumbbell
dumbbell-swings.gif,Leg,Gluteal Group,Glutes,Compound,Sagittal,Dumbbell
dumbbell-tate-press_triceps.gif,Arm,Upper Arm,Triceps,Push,Sagittal,Dumbbell
dumbbell-tricep-kickback.gif,Arm,Upper Arm,Triceps,Push,Sagittal,Dumbbell
dumbbell-upright-row.gif,Shoulder,Deltoids,Lateral Delt,Push,Frontal,Dumbbell
dumbbell-upright-shoulder-external-rotation_back.gif,Shoulder,Deltoids,Posterior Delt,Pull,Transverse,Dumbbell
dumbbell-w-press_shoulders.gif,Shoulder,Deltoids,Anterior Delt,Push,Frontal,Dumbbell
dumbbell-w-raise.gif,Shoulder,Deltoids,Lateral Delt,Push,Frontal,Dumbbell
dumbbell-walking-lunges.gif,Leg,Quadriceps,Quads,Compound,Sagittal,Dumbbell
dumbbell-wrist-curl.gif,Arm,Forearm,Forearms,Isolation,Sagittal,Dumbbell
dumbbell-wrist-extension.gif,Arm,Forearm,Forearms,Isolation,Sagittal,Dumbbell
dumbbell-z-press.gif,Shoulder,Deltoids,Anterior Delt,Push,Frontal,Dumbbell
eccentric-deadlift.gif,Back,Lower Back,Lower Back,Stability,Sagittal,Barbell
eccentric-pull-up.gif,Back,Upper Back,Latissimus Dorsi,Pull,Transverse,Bodyweight
elevated-glute-bridge.gif,Leg,Gluteal Group,Glutes,Compound,Sagittal,Bodyweight
elliptical-muscles.gif,Leg,Quadriceps,Quads,Compound,Sagittal,Elliptical Machine
exercise-ball-back-extension.gif,Back,Lower Back,Lower Back,Stability,Sagittal,Cable Machine
exercise-ball-supine-triceps-extension_upper-arms.gif,Arm,Upper Arm,Triceps,Push,Sagittal,Cable Machine
exercise-ball-wall-squat_thighs.gif,Leg,Quadriceps,Quads,Compound,Sagittal,Bodyweight
exercise-bike.gif,Leg,Quadriceps,Quads,Compound,Sagittal,Exercise Bike
exericise-ball-leg-curl.gif,Leg,Hamstring Group,Hamstrings,Compound,Sagittal,Dumbbell
explosive-goblet-squat.gif,Leg,Quadriceps,Quads,Compound,Sagittal,Bodyweight
ez-bar-bicep-curl.gif,Arm,Upper Arm,Biceps,Pull,Sagittal,EZ-Bar
ez-bar-preacher-curl.gif,Arm,Upper Arm,Biceps,Pull,Sagittal,EZ-Bar
ez-bar-reverse-curl.gif,Arm,Forearm,Forearms,Isolation,Sagittal,EZ-Bar
ez-bar-reverse-grip-curl.gif,Arm,Forearm,Forearms,Isolation,Sagittal,EZ-Bar
ez-bar-tricep-pushdown.gif,Arm,Upper Arm,Triceps,Push,Sagittal,EZ-Bar
ez-barbell-close-grip-curl_upper-arms.gif,Arm,Upper Arm,Biceps,Pull,Sagittal,Barbell
ez-barbell-curl-female_upper-arms.gif,Arm,Upper Arm,Biceps,Pull,Sagittal,Barbell
ez-barbell-incline-triceps-extension_upper-arms.gif,Arm,Upper Arm,Triceps,Push,Sagittal,Barbell
ez-barbell-reverse-grip-curl_forearms_1.gif,Arm,Forearm,Forearms,Isolation,Sagittal,Barbell
ez-barbell-spider-curl.gif,Arm,Upper Arm,Biceps,Pull,Sagittal,Barbell
finger-push-up.gif,Chest,Pectorals,Middle Chest,Push,Sagittal,Bodyweight
flat-bench-skull-crusher.gif,Arm,Upper Arm,Triceps,Push,Sagittal,Barbell
floor-back-extensions.gif,Back,Lower Back,Lower Back,Stability,Sagittal,Cable Machine
flying-lizard.gif,Shoulder,Deltoids,Anterior Delt,Push,Frontal,Bodyweight
forearm-push-ups.gif,Chest,Pectorals,Middle Chest,Push,Sagittal,Bodyweight
forward-bend.gif,Leg,Hamstring Group,Hamstrings,Compound,Sagittal,Bodyweight
frog-crunch.gif,Abs,Core,Upper Abs,Isolation,Sagittal,Bodyweight
frog-hip-thrust.gif,Leg,Gluteal Group,Glutes,Compound,Sagittal,Bodyweight
frog-pose.gif,Leg,Adductors,Adductors,Compound,Frontal,Bodyweight
frog-pump.gif,Leg,Gluteal Group,Glutes,Compound,Sagittal,Bodyweight
frog-reverse-hyperextension.gif,Leg,Gluteal Group,Glutes,Compound,Sagittal,Cable Machine
frog-squat.gif,Leg,Quadriceps,Quads,Compound,Sagittal,Bodyweight
front-lever.gif,Back,Upper Back,Latissimus Dorsi,Pull,Transverse,Hang Bar
front-split-pose.gif,Leg,Hamstring Group,Hamstrings,Compound,Sagittal,Bodyweight
front-squat-clean-grip.gif,Leg,Quadriceps,Quads,Compound,Sagittal,Bodyweight
front-squat-finger-tip-grip.gif,Leg,Quadriceps,Quads,Compound,Sagittal,Bodyweight
front-squat.gif,Leg,Quadriceps,Quads,Compound,Sagittal,Bodyweight
full-sit-up.gif,Abs,Core,Upper Abs,Isolation,Sagittal,Bodyweight
full-squat-side-view.gif,Leg,Quadriceps,Quads,Compound,Sagittal,Bodyweight
full-wrist-push-up.gif,Chest,Pectorals,Middle Chest,Push,Sagittal,Bodyweight
glute-bridge.gif,Leg,Gluteal Group,Glutes,Compound,Sagittal,Bodyweight
glute-ham-raise-muscles.gif,Leg,Hamstring Group,Hamstrings,Compound,Sagittal,Bodyweight
goblet-box-squat.gif,Leg,Quadriceps,Quads,Compound,Sagittal,Bodyweight
goblet-bulgarian-split-squat-muscles.gif,Leg,Quadriceps,Quads,Compound,Sagittal,Bodyweight
goblet-side-squat.gif,Leg,Quadriceps,Quads,Compound,Sagittal,Bodyweight
goblet-wall-sit-muscles.gif,Leg,Quadriceps,Quads,Compound,Sagittal,Bodyweight
hack-squat-bad-form.gif,Leg,Quadriceps,Quads,Compound,Sagittal,Bodyweight
hack-squat-musculature.gif,Leg,Quadriceps,Quads,Compound,Sagittal,Bodyweight
half-burpee.gif,Leg,Quadriceps,Quads,Compound,Sagittal,Bodyweight
half-knee-bend-squat.gif,Leg,Quadriceps,Quads,Compound,Sagittal,Bodyweight
half-wrist-push-up.gif,Chest,Pectorals,Middle Chest,Push,Sagittal,Bodyweight
hamstring-wall-stretch.gif,Leg,Hamstring Group,Hamstrings,Compound,Sagittal,Bodyweight
handstand-hold.gif,Shoulder,Deltoids,Anterior Delt,Push,Frontal,Bodyweight
handstand-pushup.gif,Shoulder,Deltoids,Anterior Delt,Push,Frontal,Bodyweight
handstand-walk.gif,Shoulder,Deltoids,Anterior Delt,Push,Frontal,Bodyweight
handstand.gif,Shoulder,Deltoids,Anterior Delt,Push,Frontal,Bodyweight
hanging-lat-stretch.gif,Back,Upper Back,Latissimus Dorsi,Pull,Transverse,Bodyweight
hanging-leg-raise.gif,Abs,Core,Lower Abs,Isolation,Sagittal,Hang Bar
hawaiian-squat.gif,Leg,Quadriceps,Quads,Compound,Sagittal,Bodyweight
heel-elevated-bulgarian-split-squat-muscles.gif,Leg,Quadriceps,Quads,Compound,Sagittal,Bodyweight
heel-elevated-goblet-squat.gif,Leg,Quadriceps,Quads,Compound,Sagittal,Bodyweight
heel-elevated-hip-thrust.gif,Leg,Gluteal Group,Glutes,Compound,Sagittal,Bodyweight
heel-elevated-squat-muscles-used.gif,Leg,Quadriceps,Quads,Compound,Sagittal,Bodyweight
heel-raised-wall-sit.gif,Leg,Quadriceps,Quads,Compound,Sagittal,Bodyweight
heel-raises.gif,Leg,Calves,Calves,Isolation,Sagittal,Bodyweight
hercules-hold.gif,Shoulder,Deltoids,Anterior Delt,Push,Frontal,Weights
hex-bar-deadlift.gif,Leg,Gluteal Group,Glutes,Compound,Sagittal,Barbell
high-bar-squat-form.gif,Leg,Quadriceps,Quads,Compound,Sagittal,Bodyweight
high-cable-fly.gif,Chest,Pectorals,Lower Chest,Push,Sagittal,Cable Machine
high-knee-twist_cardio.gif,Abs,Core,Obliques,Isolation,Transverse,Bodyweight
high-row.gif,Back,Upper Back,Rhomboids,Pull,Frontal,Dumbbell
hip-abduction-machine.gif,Leg,Gluteal Group,Glutes,Compound,Sagittal,Machine
hip-circle.gif,Leg,Gluteal Group,Glutes,Compound,Sagittal,Bodyweight
hip-swirls.gif,Leg,Gluteal Group,Glutes,Compound,Sagittal,Bodyweight
hollow-body-holds.gif,Abs,Core,Lower Abs,Isolation,Sagittal,Bodyweight
inchworm-muscles.gif,Shoulder,Deltoids,Anterior Delt,Push,Frontal,Bodyweight
incline-barbell-bench-press.gif,Chest,Pectorals,Upper Chest,Push,Sagittal,Barbell
incline-cable-curl.gif,Arm,Upper Arm,Biceps,Pull,Sagittal,Cable Machine
incline-cable-fly.gif,Chest,Pectorals,Upper Chest,Push,Sagittal,Cable Machine
incline-close-grip-press.gif,Chest,Pectorals,Upper Chest,Push,Sagittal,Dumbbell
incline-dumbbell-curl.gif,Arm,Upper Arm,Biceps,Pull,Sagittal,Dumbbell
incline-dumbbell-hex-press.gif,Chest,Pectorals,Upper Chest,Push,Sagittal,Dumbbell
incline-push-up-bench.gif,Chest,Pectorals,Upper Chest,Push,Sagittal,Bench
incline-push-up.gif,Chest,Pectorals,Upper Chest,Push,Sagittal,Bodyweight
incline-skullcrusher.gif,Arm,Upper Arm,Triceps,Push,Sagittal,Dumbbell
incline-supinated-dumbbell-chest-press.gif,Chest,Pectorals,Upper Chest,Push,Sagittal,Dumbbell
incline-treadmill.gif,Leg,Quadriceps,Quads,Compound,Sagittal,Treadmill
incline-wall-push-ups.gif,Chest,Pectorals,Upper Chest,Push,Sagittal,Bodyweight
inner-bicep-curl.gif,Arm,Upper Arm,Biceps,Pull,Sagittal,Dumbbell
inverted-row-feet-elevated.gif,Back,Upper Back,Rhomboids,Pull,Frontal,Dumbbell
inverted-row.gif,Back,Upper Back,Rhomboids,Pull,Frontal,Dumbbell
jack-knife-on-ball_waist.gif,Abs,Core,Lower Abs,Isolation,Sagittal,Stability Ball
jackknife-sit-up_waist.gif,Abs,Core,Lower Abs,Isolation,Sagittal,Bodyweight
jump-rope-without-rope.gif,Leg,Calves,Calves,Isolation,Sagittal,Bodyweight
jump-rope.gif,Leg,Calves,Calves,Isolation,Sagittal,Rope
jumping-jack-high-knees.gif,Leg,Quadriceps,Quads,Compound,Sagittal,Bodyweight
jumping-jacks.gif,Leg,Calves,Calves,Isolation,Sagittal,Bodyweight
jumping-pull-up.gif,Back,Upper Back,Latissimus Dorsi,Pull,Transverse,Bodyweight
kettlebell-clean-and-jerk-movement.gif,Leg,Quadriceps,Quads,Compound,Sagittal,Kettlebell
kettlebell-deadlift.gif,Leg,Gluteal Group,Glutes,Compound,Sagittal,Kettlebell
kettlebell-figure-8.gif,Shoulder,Deltoids,Anterior Delt,Push,Frontal,Kettlebell
kettlebell-goblet-squat-muscles.gif,Leg,Quadriceps,Quads,Compound,Sagittal,Kettlebell
kettlebell-good-morning-behind-head.gif,Back,Lower Back,Lower Back,Stability,Sagittal,Kettlebell
kettlebell-good-morning.gif,Back,Lower Back,Lower Back,Stability,Sagittal,Kettlebell
kettlebell-hang-clean.gif,Leg,Quadriceps,Quads,Compound,Sagittal,Kettlebell
kettlebell-kneeling-one-arm-bottoms-up-press_shoulders.gif,Shoulder,Deltoids,Anterior Delt,Push,Frontal,Kettlebell
kettlebell-lateral-raise.gif,Shoulder,Deltoids,Lateral Delt,Push,Frontal,Kettlebell
kettlebell-overhead-squat.gif,Leg,Quadriceps,Quads,Compound,Sagittal,Kettlebell
kettlebell-pistol-squat.gif,Leg,Quadriceps,Quads,Compound,Sagittal,Kettlebell
kettlebell-pullover.gif,Back,Upper Back,Latissimus Dorsi,Pull,Transverse,Kettlebell
kettlebell-romanian-deadlift.gif,Leg,Hamstring Group,Hamstrings,Compound,Sagittal,Kettlebell
kettlebell-russian-twist.gif,Abs,Core,Obliques,Isolation,Transverse,Kettlebell
kettlebell-side-lunge.gif,Leg,Quadriceps,Quads,Compound,Sagittal,Kettlebell
kettlebell-side-squat.gif,Leg,Quadriceps,Quads,Compound,Sagittal,Kettlebell
kettlebell-single-arm-deadlift.gif,Leg,Gluteal Group,Glutes,Compound,Sagittal,Kettlebell
kettlebell-single-arm-swing.gif,Leg,Gluteal Group,Glutes,Compound,Sagittal,Kettlebell
kettlebell-single-leg-deadlift.gif,Leg,Hamstring Group,Hamstrings,Compound,Sagittal,Kettlebell
kettlebell-split-squat.gif,Leg,Quadriceps,Quads,Compound,Sagittal,Kettlebell
kettlebell-squat-clean.gif,Leg,Quadriceps,Quads,Compound,Sagittal,Kettlebell
kettlebell-squat.gif,Leg,Quadriceps,Quads,Compound,Sagittal,Kettlebell
kettlebell-sumo-deadlift.gif,Leg,Gluteal Group,Glutes,Compound,Sagittal,Kettlebell
kettlebell-sumo-squat.gif,Leg,Quadriceps,Quads,Compound,Sagittal,Kettlebell
kettlebell-swing_kettlebell.gif,Leg,Gluteal Group,Glutes,Compound,Sagittal,Kettlebell
kettlebell-swing-to-goblet-squat.gif,Leg,Quadriceps,Quads,Compound,Sagittal,Kettlebell
kettlebell-upright-row.gif,Shoulder,Deltoids,Lateral Delt,Push,Frontal,Kettlebell
knee-extension.gif,Leg,Quadriceps,Quads,Compound,Sagittal,Cable Machine
knee-push-ups.gif,Chest,Pectorals,Middle Chest,Push,Sagittal,Bodyweight
knee-touch-crunch.gif,Abs,Core,Upper Abs,Isolation,Sagittal,Bodyweight
kneeling-banded-hip-thrusts.gif,Leg,Gluteal Group,Glutes,Compound,Sagittal,Resistance Band
kneeling-cable-press.gif,Chest,Pectorals,Middle Chest,Push,Sagittal,Cable Machine
kneeling-hip-flexor-stretch.gif,Leg,Hip Flexors,Hip Flexors,Compound,Sagittal,Bodyweight
kneeling-hip-thrust.gif,Leg,Gluteal Group,Glutes,Compound,Sagittal,Bodyweight
kneeling-lat-stretch-on-bench.gif,Back,Upper Back,Latissimus Dorsi,Pull,Transverse,Bench
kneeling-lat-stretch.gif,Back,Upper Back,Latissimus Dorsi,Pull,Transverse,Bodyweight
kneeling-lunge-stretch-muscles.gif,Leg,Quadriceps,Quads,Compound,Sagittal,Bodyweight
kneeling-quad-stretch-behind-back.gif,Leg,Quadriceps,Quads,Compound,Sagittal,Bodyweight
kneeling-squat.gif,Leg,Quadriceps,Quads,Compound,Sagittal,Bodyweight
knuckle-push-ups.gif,Chest,Pectorals,Middle Chest,Push,Sagittal,Bodyweight
korean-dips.gif,Arm,Upper Arm,Triceps,Push,Sagittal,Bodyweight
landmine-deadlift.gif,Leg,Gluteal Group,Glutes,Compound,Sagittal,Barbell
landmine-press.gif,Shoulder,Deltoids,Anterior Delt,Push,Frontal,Dumbbell
landmine-single-arm-row.gif,Back,Upper Back,Latissimus Dorsi,Pull,Transverse,Dumbbell
landmine-squat.gif,Leg,Quadriceps,Quads,Compound,Sagittal,Bodyweight
lat-pulldown-reverse-shrug.gif,Back,Upper Back,Trapezius,Pull,Frontal,Cable Machine
lat-pullover.gif,Back,Upper Back,Latissimus Dorsi,Pull,Transverse,Bodyweight
lateral-bicep-curls.gif,Arm,Upper Arm,Biceps,Pull,Sagittal,Dumbbell
lateral-raise-machine.gif,Shoulder,Deltoids,Lateral Delt,Push,Frontal,Machine
lateral-step-up-muscles.gif,Leg,Quadriceps,Quads,Compound,Sagittal,Bodyweight
leg-extension-machine.gif,Leg,Quadriceps,Quads,Compound,Sagittal,Cable Machine
leg-extension-toes-inward.gif,Leg,Quadriceps,Quads,Compound,Sagittal,Cable Machine
leg-press-calf-raise.gif,Leg,Calves,Calves,Isolation,Sagittal,Bodyweight
leg-press.gif,Leg,Quadriceps,Quads,Compound,Sagittal,Dumbbell
lever-back-extension.gif,Back,Lower Back,Lower Back,Stability,Sagittal,Cable Machine
lever-hammer-curl-machine.gif,Arm,Upper Arm,Biceps,Pull,Sagittal,Dumbbell
lever-lateral-raise.gif,Shoulder,Deltoids,Lateral Delt,Push,Frontal,Machine
lever-pullover-machine.gif,Back,Upper Back,Latissimus Dorsi,Pull,Transverse,Machine
lever-seated-calf-raise-plate-loaded.gif,Leg,Calves,Calves,Isolation,Sagittal,Bodyweight
lever-seated-fly-female_chest.gif,Chest,Pectorals,Middle Chest,Push,Sagittal,Machine
lever-seated-hip-abduction.gif,Leg,Gluteal Group,Glutes,Compound,Sagittal,Machine
low-bar-squat-form.gif,Leg,Quadriceps,Quads,Compound,Sagittal,Bodyweight
low-cable-chest-flys.gif,Chest,Pectorals,Lower Chest,Push,Sagittal,Cable Machine
low-glute-bridge-on-floor-female_hips.gif,Leg,Gluteal Group,Glutes,Compound,Sagittal,Bodyweight
low-impact-jack.gif,Leg,Quadriceps,Quads,Compound,Sagittal,Bodyweight
lumbar-spine-extension.gif,Back,Lower Back,Lower Back,Stability,Sagittal,Cable Machine
lying-back-extension.gif,Back,Lower Back,Lower Back,Stability,Sagittal,Cable Machine
lying-cable-flyes.gif,Chest,Pectorals,Middle Chest,Push,Sagittal,Cable Machine
lying-dumbbell-lateral-raise.gif,Shoulder,Deltoids,Lateral Delt,Push,Frontal,Dumbbell
lying-hamstring-curl.gif,Leg,Hamstring Group,Hamstrings,Compound,Sagittal,Dumbbell
lying-hamstring-stretch.gif,Leg,Hamstring Group,Hamstrings,Compound,Sagittal,Bodyweight
lying-knee-to-chest.gif,Abs,Core,Lower Abs,Isolation,Sagittal,Bodyweight
lying-leg-curl.gif,Leg,Hamstring Group,Hamstrings,Compound,Sagittal,Dumbbell
lying-leg-lifts.gif,Abs,Core,Lower Abs,Isolation,Sagittal,Bodyweight
lying-leg-raise.gif,Abs,Core,Lower Abs,Isolation,Sagittal,Bodyweight
lying-side-hip-abduction.gif,Leg,Gluteal Group,Glutes,Compound,Sagittal,Bodyweight
machine-shoulder-press.gif,Shoulder,Deltoids,Anterior Delt,Push,Frontal,Dumbbell
machine-tricep-extension.gif,Arm,Upper Arm,Triceps,Push,Sagittal,Cable Machine
meadows-row.gif,Back,Upper Back,Rhomboids,Pull,Frontal,Dumbbell
military-press.gif,Shoulder,Deltoids,Anterior Delt,Push,Frontal,Dumbbell
monkey-bars.gif,Shoulder,Deltoids,Anterior Delt,Push,Frontal,Bodyweight
monkey-row.gif,Back,Upper Back,Latissimus Dorsi,Pull,Transverse,Dumbbell
mountain-climber-lunge_cardio.gif,Leg,Quadriceps,Quads,Compound,Sagittal,Bodyweight
mountain-climbers.gif,Abs,Core,Lower Abs,Isolation,Sagittal,Bodyweight
narrow-stance-leg-press.gif,Leg,Quadriceps,Quads,Compound,Sagittal,Dumbbell
narrow-wall-sit.gif,Leg,Quadriceps,Quads,Compound,Sagittal,Dumbbell
negative-calf-raise.gif,Leg,Calves,Calves,Isolation,Sagittal,Bodyweight
negative-push-up.gif,Chest,Pectorals,Middle Chest,Push,Sagittal,Bodyweight
negative-squat.gif,Leg,Quadriceps,Quads,Compound,Sagittal,Bodyweight
neutral-grip-cable-rows.gif,Back,Upper Back,Rhomboids,Pull,Frontal,Cable Machine
neutral-grip-lat-pulldown.gif,Back,Upper Back,Latissimus Dorsi,Pull,Transverse,Cable Machine
neutral-grip-pull-ups-shoulder-width.gif,Back,Upper Back,Latissimus Dorsi,Pull,Transverse,Bodyweight
nordic-hamstring-curl-movement.gif,Leg,Hamstring Group,Hamstrings,Compound,Sagittal,Dumbbell
oblique-crunches-floor_waist.gif,Abs,Core,Obliques,Isolation,Transverse,Bodyweight
olympic-bar-curl.gif,Arm,Upper Arm,Biceps,Pull,Sagittal,Dumbbell
olympic-squat.gif,Leg,Quadriceps,Quads,Compound,Sagittal,Bodyweight
one-arm-dumbbell-fly.gif,Chest,Pectorals,Middle Chest,Push,Sagittal,Dumbbell
one-arm-dumbbell-upright-row.gif,Shoulder,Deltoids,Lateral Delt,Push,Frontal,Dumbbell
one-handed-t-bar-row.gif,Back,Upper Back,Rhomboids,Pull,Frontal,Dumbbell
overhead-cable-curl.gif,Arm,Upper Arm,Biceps,Pull,Sagittal,Cable Machine
overhead-cable-tricep-extension.gif,Arm,Upper Arm,Triceps,Push,Sagittal,Cable Machine
overhead-extension-bicep-stretch.gif,Arm,Upper Arm,Biceps,Pull,Sagittal,Cable Machine
overhead-landmine-reverse-lunge.gif,Leg,Quadriceps,Quads,Compound,Sagittal,Bodyweight
overhead-landmine-squat.gif,Leg,Quadriceps,Quads,Compound,Sagittal,Bodyweight
overhead-shrug.gif,Back,Upper Back,Trapezius,Pull,Frontal,Bodyweight
overhead-squat.gif,Leg,Quadriceps,Quads,Compound,Sagittal,Bodyweight
overhead-tricep-stretch.gif,Arm,Upper Arm,Triceps,Push,Sagittal,Bodyweight
pancake-split-stretch.gif,Leg,Hamstring Group,Hamstrings,Compound,Sagittal,Bodyweight
parallel-bar-dips.gif,Arm,Upper Arm,Triceps,Push,Sagittal,Bodyweight
parallel-bar-tricep-dips.gif,Arm,Upper Arm,Triceps,Push,Sagittal,Bodyweight
pause-deadlift.gif,Leg,Gluteal Group,Glutes,Compound,Sagittal,Barbell
pause-jump-squats.gif,Leg,Quadriceps,Quads,Compound,Sagittal,Bodyweight
pec-deck.gif,Chest,Pectorals,Middle Chest,Push,Sagittal,Machine
pelvic-tilt.gif,Abs,Core,Lower Abs,Isolation,Sagittal,Bodyweight
pendlay-row.gif,Back,Upper Back,Rhomboids,Pull,Frontal,Dumbbell
pendulum-lunge.gif,Leg,Quadriceps,Quads,Compound,Sagittal,Bodyweight
pendulum-stretch.gif,Back,Lower Back,Lower Back,Stability,Sagittal,Bodyweight
pigeon-stretch.gif,Leg,Gluteal Group,Glutes,Compound,Sagittal,Bodyweight
pike-push-up.gif,Shoulder,Deltoids,Anterior Delt,Push,Frontal,Bodyweight
pin-bench-press.gif,Chest,Pectorals,Middle Chest,Push,Sagittal,Barbell
pistol-squat-high-box.gif,Leg,Quadriceps,Quads,Compound,Sagittal,Bodyweight
pistol-squat.gif,Leg,Quadriceps,Quads,Compound,Sagittal,Bodyweight
plank-jack.gif,Abs,Core,Upper Abs,Stretch,Sagittal,Bodyweight
plank.gif,Abs,Core,Upper Abs,Stretch,Sagittal,Bodyweight
plate-front-raise.gif,Shoulder,Deltoids,Anterior Delt,Push,Frontal,Plate Weights
plate-pinches.gif,Arm,Forearm,Forearms,Isolation,Sagittal,Plate Weights
plate-push.gif,Leg,Quadriceps,Quads,Compound,Sagittal,Plate Weights
plie-squat.gif,Leg,Quadriceps,Quads,Compound,Sagittal,Bodyweight
plyometric-push-ups.gif,Chest,Pectorals,Middle Chest,Push,Sagittal,Bodyweight
power-clean.gif,Leg,Quadriceps,Quads,Compound,Sagittal,Barbell
power-lunge-movement.gif,Leg,Quadriceps,Quads,Compound,Sagittal,Bodyweight
power-rack-row.gif,Back,Upper Back,Latissimus Dorsi,Pull,Transverse,Dumbbell
pretzel-stretch.gif,Leg,Gluteal Group,Glutes,Compound,Sagittal,Bodyweight
pronated-grip-cable-fly.gif,Chest,Pectorals,Middle Chest,Push,Sagittal,Cable Machine
prone-cobra.gif,Back,Lower Back,Lower Back,Stability,Sagittal,Bodyweight
prone-hip-circle.gif,Leg,Gluteal Group,Glutes,Compound,Sagittal,Bodyweight
prone-incline-dumbbell-curl.gif,Arm,Upper Arm,Biceps,Pull,Sagittal,Dumbbell
prone-quad-stretch.gif,Leg,Quadriceps,Quads,Compound,Sagittal,Bodyweight
prone-y-raise-movement.gif,Shoulder,Deltoids,Posterior Delt,Pull,Transverse,Bodyweight
pull-up.gif,Back,Upper Back,Latissimus Dorsi,Pull,Transverse,Hang Bar
pullover-muscles.gif,Back,Upper Back,Latissimus Dorsi,Pull,Transverse,Dumbbell
push-press.gif,Shoulder,Deltoids,Anterior Delt,Push,Frontal,Dumbbell
push-up-bars.gif,Chest,Pectorals,Middle Chest,Push,Sagittal,Bodyweight
push-up-bosu-ball_chest.gif,Chest,Pectorals,Middle Chest,Push,Sagittal,Bosu Ball
push-up-handles.gif,Chest,Pectorals,Middle Chest,Push,Sagittal,Push-up Bar
push-up-jack-muscles.gif,Chest,Pectorals,Middle Chest,Push,Sagittal,Bodyweight
push-up-on-knees_chest.gif,Chest,Pectorals,Middle Chest,Push,Sagittal,Bodyweight
push-up-on-stability-ball_chest.gif,Chest,Pectorals,Middle Chest,Push,Sagittal,Stability Ball
push-up-with-rotation.gif,Chest,Pectorals,Middle Chest,Push,Sagittal,Bodyweight
push-up.gif,Chest,Pectorals,Middle Chest,Push,Sagittal,Bodyweight
pvc-hinge.gif,Leg,Gluteal Group,Glutes,Compound,Sagittal,Bodyweight
quadriceps-stretch.gif,Leg,Quadriceps,Quads,Compound,Sagittal,Bodyweight
quadruped-leg-curl.gif,Leg,Hamstring Group,Hamstrings,Compound,Sagittal,Dumbbell
raise-single-leg-push-up_chest.gif,Chest,Pectorals,Middle Chest,Push,Sagittal,Bodyweight
raised-sit-up.gif,Abs,Core,Upper Abs,Stretch,Sagittal,Bodyweight
rear-delt-fly.gif,Shoulder,Deltoids,Posterior Delt,Pull,Transverse,Dumbbell
renegade-row.gif,Back,Upper Back,Latissimus Dorsi,Pull,Transverse,Dumbbell
resistance-band-assisted-chin-ups.gif,Arm,Upper Arm,Biceps,Pull,Sagittal,Resistance Band
resistance-band-curls.gif,Arm,Upper Arm,Biceps,Pull,Sagittal,Resistance Band
resistance-band-deadlift.gif,Leg,Gluteal Group,Glutes,Compound,Sagittal,Resistance Band
resistance-band-glute-bridge.gif,Leg,Gluteal Group,Glutes,Compound,Sagittal,Resistance Band
resistance-band-hip-thrust.gif,Leg,Gluteal Group,Glutes,Compound,Sagittal,Resistance Band
resistance-band-jump-squats.gif,Leg,Quadriceps,Quads,Compound,Sagittal,Resistance Band
resistance-band-leg-press.gif,Leg,Quadriceps,Quads,Compound,Sagittal,Resistance Band
resistance-band-lunge.gif,Leg,Quadriceps,Quads,Compound,Sagittal,Resistance Band
resistance-band-push-ups.gif,Chest,Pectorals,Middle Chest,Push,Sagittal,Resistance Band
resistance-band-seated-leg-extension.gif,Leg,Quadriceps,Quads,Compound,Sagittal,Resistance Band
resistance-band-x-lateral-walk.gif,Leg,Gluteal Group,Glutes,Compound,Sagittal,Resistance Band
reverse-crunch.gif,Abs,Core,Lower Abs,Isolation,Sagittal,Bodyweight
reverse-deficit-lunge.gif,Leg,Quadriceps,Quads,Compound,Sagittal,Bodyweight
reverse-facing-push-ups.gif,Shoulder,Deltoids,Posterior Delt,Pull,Transverse,Bodyweight
reverse-grip-barbell-row.gif,Back,Upper Back,Latissimus Dorsi,Pull,Transverse,Barbell
reverse-grip-bench-press.gif,Chest,Pectorals,Upper Chest,Push,Sagittal,Barbell
reverse-grip-lat-pulldown.gif,Back,Upper Back,Latissimus Dorsi,Pull,Transverse,Cable Machine
reverse-grip-push-ups.gif,Chest,Pectorals,Upper Chest,Push,Sagittal,Bodyweight
reverse-hack-squat.gif,Leg,Quadriceps,Quads,Compound,Sagittal,Bodyweight
reverse-hyperextension-on-bench.gif,Leg,Gluteal Group,Glutes,Compound,Sagittal,Cable Machine
reverse-hyperextension.gif,Leg,Gluteal Group,Glutes,Compound,Sagittal,Cable Machine
reverse-lunge.gif,Leg,Quadriceps,Quads,Compound,Sagittal,Bodyweight
reverse-nordic-curl.gif,Leg,Quadriceps,Quads,Compound,Sagittal,Dumbbell
reverse-pec-dec-machine.gif,Back,Upper Back,Rhomboids,Pull,Frontal,Machine
reverse-swimmers.gif,Back,Upper Back,Rhomboids,Pull,Frontal,Bodyweight
ring-dip.gif,Chest,Pectorals,Lower Chest,Push,Sagittal,Rings
ring-muscle-up.gif,Shoulder,Deltoids,Anterior Delt,Push,Frontal,Rings
rope-climb.gif,Back,Upper Back,Latissimus Dorsi,Pull,Transverse,Rope
rope-hammer-curl-machine.gif,Arm,Upper Arm,Biceps,Pull,Sagittal,Dumbbell
rope-straight-arm-pulldown.gif,Back,Upper Back,Latissimus Dorsi,Pull,Transverse,Cable Machine
row.gif,Back,Upper Back,Rhomboids,Pull,Frontal,Dumbbell
running-on-treadmill.gif,Leg,Quadriceps,Quads,Compound,Sagittal,Treadmill
russian-kettlebell-swing.gif,Leg,Gluteal Group,Glutes,Compound,Sagittal,Kettlebell
russian-twist.gif,Abs,Core,Obliques,Isolation,Transverse,Bodyweight
scapula-push-up.gif,Back,Upper Back,Rhomboids,Pull,Frontal,Bodyweight
scapular-pull-up.gif,Back,Upper Back,Latissimus Dorsi,Pull,Transverse,Bodyweight
scissor-kicks.gif,Abs,Core,Lower Abs,Isolation,Sagittal,Bodyweight
seated-band-hip-abduction.gif,Leg,Gluteal Group,Glutes,Compound,Sagittal,Resistance Band
seated-calf-raise-dumbbell.gif,Leg,Calves,Calves,Isolation,Sagittal,Dumbbell
seated-calf-raise.gif,Leg,Calves,Calves,Isolation,Sagittal,Strength Machine
seated-hamstring-stretch.gif,Leg,Hamstring Group,Hamstrings,Compound,Sagittal,Bodyweight
seated-hip-abduction.gif,Leg,Gluteal Group,Glutes,Compound,Sagittal,Bodyweight
seated-leg-curl.gif,Leg,Hamstring Group,Hamstrings,Compound,Sagittal,Dumbbell
seated-overhead-press.gif,Shoulder,Deltoids,Anterior Delt,Push,Frontal,Dumbbell
seated-piriformis-stretch.gif,Leg,Gluteal Group,Glutes,Compound,Sagittal,Bodyweight
seated-quad-stretch.gif,Leg,Quadriceps,Quads,Compound,Sagittal,Bodyweight
seated-reverse-fly.gif,Shoulder,Deltoids,Posterior Delt,Pull,Transverse,Dumbbell
seated-single-leg-hamstring-stretch.gif,Leg,Hamstring Group,Hamstrings,Compound,Sagittal,Bodyweight
self-assisted-inverse-leg-curl.gif,Leg,Hamstring Group,Hamstrings,Compound,Sagittal,Dumbbell
shoulder-pin-press.gif,Shoulder,Deltoids,Anterior Delt,Push,Frontal,Dumbbell
shoulder-push-up.gif,Shoulder,Deltoids,Anterior Delt,Push,Frontal,Bodyweight
shoulder-tap.gif,Abs,Core,Obliques,Isolation,Transverse,Bodyweight
shrimp-squat.gif,Leg,Quadriceps,Quads,Compound,Sagittal,Bodyweight
side-bridge-hip-abduction_hips.gif,Leg,Gluteal Group,Glutes,Compound,Sagittal,Bodyweight
side-crunch.gif,Abs,Core,Obliques,Isolation,Transverse,Bodyweight
side-hip-abduction_hips.gif,Leg,Gluteal Group,Glutes,Compound,Sagittal,Bodyweight
side-leg-swings.gif,Leg,Gluteal Group,Glutes,Compound,Sagittal,Bodyweight
side-lunge.gif,Leg,Quadriceps,Quads,Compound,Sagittal,Bodyweight
side-lying-clam.gif,Leg,Gluteal Group,Glutes,Compound,Sagittal,Bodyweight
side-lying-quad-stretch-movement.gif,Leg,Quadriceps,Quads,Compound,Sagittal,Bodyweight
single-arm-arnold-press.gif,Shoulder,Deltoids,Anterior Delt,Push,Frontal,Dumbbell
single-arm-bent-over-row.gif,Back,Upper Back,Rhomboids,Pull,Frontal,Dumbbell
single-arm-dumbbell-row.gif,Back,Upper Back,Rhomboids,Pull,Frontal,Dumbbell
single-leg-calf-raise.gif,Leg,Calves,Calves,Isolation,Sagittal,Bodyweight
single-leg-glute-bridge.gif,Leg,Gluteal Group,Glutes,Compound,Sagittal,Bodyweight
single-leg-hamstring-stretch.gif,Leg,Hamstring Group,Hamstrings,Compound,Sagittal,Bodyweight
single-leg-hip-thrust-muscles.gif,Leg,Gluteal Group,Glutes,Compound,Sagittal,Bodyweight
single-leg-leg-extension.gif,Leg,Quadriceps,Quads,Compound,Sagittal,Cable Machine
single-leg-leg-press.gif,Leg,Quadriceps,Quads,Compound,Sagittal,Dumbbell
single-leg-standing-calf-raise.gif,Leg,Calves,Calves,Isolation,Sagittal,Bodyweight
single-leg-wall-sit.gif,Leg,Quadriceps,Quads,Compound,Sagittal,Bodyweight
sit-squat_thighs.gif,Leg,Quadriceps,Quads,Compound,Sagittal,Bodyweight
sit-up-ii_waist.gif,Abs,Core,Upper Abs,Stretch,Sagittal,Bodyweight
skater-squat.gif,Leg,Quadriceps,Quads,Compound,Sagittal,Bodyweight
sled-drag.gif,Leg,Quadriceps,Quads,Compound,Sagittal,Sled
sled-push-muscles.gif,Leg,Quadriceps,Quads,Compound,Sagittal,Sled
slider-push-ups-muscles.gif,Chest,Pectorals,Middle Chest,Push,Sagittal,Bodyweight
sliding-leg-curl-with-towel.gif,Leg,Hamstring Group,Hamstrings,Compound,Sagittal,Dumbbell
smith-bent-knee-good-morning_hips.gif,Leg,Hamstring Group,Hamstrings,Compound,Sagittal,Smith Machine
smith-machine-bench-press.gif,Chest,Pectorals,Middle Chest,Push,Sagittal,Smith Machine
smith-machine-bent-over-row.gif,Back,Upper Back,Rhomboids,Pull,Frontal,Smith Machine
smith-machine-calf-raise.gif,Leg,Calves,Calves,Isolation,Sagittal,Smith Machine
smith-machine-deadlift.gif,Back,Lower Back,Lower Back,Stability,Sagittal,Smith Machine
smith-machine-front-squat.gif,Leg,Quadriceps,Quads,Compound,Sagittal,Smith Machine
smith-machine-lunge.gif,Leg,Quadriceps,Quads,Compound,Sagittal,Smith Machine
smith-machine-rack-pull.gif,Back,Lower Back,Lower Back,Stability,Sagittal,Smith Machine
smith-machine-shrug.gif,Back,Upper Back,Trapezius,Pull,Frontal,Smith Machine
smith-machine-single-arm-row.gif,Back,Upper Back,Latissimus Dorsi,Pull,Transverse,Smith Machine
smith-machine-squat.gif,Leg,Quadriceps,Quads,Compound,Sagittal,Smith Machine
sphinx-push-up.gif,Arm,Upper Arm,Triceps,Push,Sagittal,Bodyweight
spider-curls.gif,Arm,Upper Arm,Biceps,Pull,Sagittal,Dumbbell
split-squat.gif,Leg,Quadriceps,Quads,Compound,Sagittal,Bodyweight
split-squats_thighs.gif,Leg,Quadriceps,Quads,Compound,Sagittal,Bodyweight
squat-hold-2-seconds.gif,Leg,Quadriceps,Quads,Compound,Sagittal,Bodyweight
squat-hold-calf-raises.gif,Leg,Calves,Calves,Isolation,Sagittal,Bodyweight
squat-jack-movement.gif,Leg,Quadriceps,Quads,Compound,Sagittal,Bodyweight
squat-jump.gif,Leg,Quadriceps,Quads,Compound,Sagittal,Bodyweight
squat-knees-end-position.gif,Leg,Quadriceps,Quads,Compound,Sagittal,Bodyweight
squat-tempo.gif,Leg,Quadriceps,Quads,Compound,Sagittal,Bodyweight
squat-to-calf-raise.gif,Leg,Quadriceps,Quads,Compound,Sagittal,Bodyweight
stability-ball-push-up.gif,Chest,Pectorals,Upper Chest,Push,Sagittal,Stability Ball
stability-ball-rollout.gif,Abs,Core,Upper Abs,Stretch,Sagittal,Stability Ball
stability-ball-wall-sit.gif,Leg,Quadriceps,Quads,Compound,Sagittal,Stability Ball
staggered-glute-bridge-muscles.gif,Leg,Gluteal Group,Glutes,Compound,Sagittal,Bodyweight
standing-bent-knee-hip-adductor-stretch.gif,Leg,Adductors,Adductors,Compound,Frontal,Bodyweight
standing-cable-row.gif,Back,Upper Back,Rhomboids,Pull,Frontal,Cable
standing-cable-straight-arm-pushdown.gif,Back,Upper Back,Latissimus Dorsi,Pull,Transverse,Cable
standing-calf-raise.gif,Leg,Calves,Calves,Isolation,Sagittal,Bodyweight
standing-figure-four-stretch.gif,Leg,Gluteal Group,Glutes,Compound,Sagittal,Bodyweight
standing-hamstring-stretch.gif,Leg,Hamstring Group,Hamstrings,Compound,Sagittal,Bodyweight
standing-landmine-press.gif,Shoulder,Deltoids,Anterior Delt,Push,Frontal,Dumbbell
standing-lat-stretch.gif,Back,Upper Back,Latissimus Dorsi,Pull,Transverse,Bodyweight
standing-long-jump_plyometric.gif,Leg,Quadriceps,Quads,Compound,Sagittal,Bodyweight
standing-piriformis-stretch.gif,Leg,Gluteal Group,Glutes,Compound,Sagittal,Bodyweight
standing-smith-machine-shoulder-press.gif,Shoulder,Deltoids,Anterior Delt,Push,Frontal,Smith Machine
stiff-legged-smith-deadlift.gif,Leg,Hamstring Group,Hamstrings,Compound,Sagittal,Barbell
straight-bar-dips-muscles.gif,Arm,Upper Arm,Triceps,Push,Sagittal,Bodyweight
straight-bar-pushdown.gif,Arm,Upper Arm,Triceps,Push,Sagittal,Bodyweight
straight-bar-tricep-pushdown.gif,Arm,Upper Arm,Triceps,Push,Sagittal,Bodyweight
straight-leg-crunch.gif,Abs,Core,Upper Abs,Stretch,Sagittal,Bodyweight
straight-leg-deadlift.gif,Leg,Hamstring Group,Hamstrings,Compound,Sagittal,Barbell
straight-leg-glute-bridge.gif,Leg,Gluteal Group,Glutes,Compound,Sagittal,Bodyweight
strongman-front-chest-squat_weightlifting.gif,Shoulder,Deltoids,Anterior Delt,Push,Frontal,Bodyweight
suitcase-deadlift.gif,Abs,Core,Obliques,Isolation,Transverse,Barbell
sumo-air-squat.gif,Leg,Gluteal Group,Glutes,Compound,Sagittal,Bodyweight
sumo-deadlift-from-blocks.gif,Leg,Gluteal Group,Glutes,Compound,Sagittal,Barbell
sumo-deadlift.gif,Leg,Gluteal Group,Glutes,Compound,Sagittal,Barbell
sumo-smith-machine-deadlift.gif,Leg,Gluteal Group,Glutes,Compound,Sagittal,Smith Machine
supermans.gif,Back,Lower Back,Lower Back,Stability,Sagittal,Bodyweight
supinated-lat-pulldown.gif,Back,Upper Back,Latissimus Dorsi,Pull,Transverse,Cable
supine-dumbbell-curl.gif,Arm,Upper Arm,Biceps,Pull,Sagittal,Dumbbell
supine-hamstring-stretch.gif,Leg,Hamstring Group,Hamstrings,Compound,Sagittal,Bodyweight
supine-leg-raises.gif,Abs,Core,Lower Abs,Isolation,Sagittal,Bodyweight
suspended-push-ups.gif,Chest,Pectorals,Middle Chest,Push,Sagittal,Bodyweight
svend-press.gif,Shoulder,Deltoids,Anterior Delt,Push,Frontal,Dumbbell
t-bar-row-machine.gif,Back,Upper Back,Latissimus Dorsi,Pull,Transverse,Dumbbell
t-bar-row-muscles.gif,Back,Upper Back,Latissimus Dorsi,Pull,Transverse,Dumbbell
table-top-glute-bridge.gif,Leg,Gluteal Group,Glutes,Compound,Sagittal,Bodyweight
tate-press.gif,Arm,Upper Arm,Triceps,Push,Sagittal,Dumbbell
the-kettlebell-halo.gif,Shoulder,Deltoids,Anterior Delt,Push,Frontal,Kettlebell
tire-flip.gif,Leg,Quadriceps,Quads,Compound,Sagittal,Tire
toes-to-bar-muscles.gif,Abs,Core,Lower Abs,Isolation,Sagittal,Bodyweight
towel-face-pull.gif,Shoulder,Deltoids,Posterior Delt,Pull,Transverse,Towel
trap-bar-deadlift_thighs.gif,Leg,Quadriceps,Quads,Compound,Sagittal,Trap Bar
trap-bar-jump-squat.gif,Leg,Gluteal Group,Glutes,Compound,Sagittal,Bodyweight
treadmill.gif,Leg,Quadriceps,Quads,Compound,Sagittal,Treadmill
tricep-bar-hammer-curl.gif,Arm,Upper Arm,Biceps,Pull,Sagittal,Dumbbell
tricep-dip.gif,Arm,Upper Arm,Triceps,Push,Sagittal,Bodyweight
tricep-overhead-extensions.gif,Arm,Upper Arm,Triceps,Push,Sagittal,Cable Machine
tuck-crunch.gif,Abs,Core,Upper Abs,Stretch,Sagittal,Bodyweight
tuck-jump.gif,Leg,Quadriceps,Quads,Compound,Sagittal,Bodyweight
upright-cable-row.gif,Shoulder,Deltoids,Lateral Delt,Push,Frontal,Cable Machine
v-bar-tricep-pushdown.gif,Arm,Upper Arm,Triceps,Push,Sagittal,V-Bar
v-sit-ups.gif,Abs,Core,Upper Abs,Stretch,Sagittal,Bodyweight
v-squat.gif,Leg,Quadriceps,Quads,Compound,Sagittal,Bodyweight
v-up-down-with-stability-ball-female_waist.gif,Abs,Core,Upper Abs,Stretch,Sagittal,Stability Ball
vertical-rope-pulls.gif,Back,Upper Back,Latissimus Dorsi,Pull,Transverse,Rope
walking-lunge.gif,Leg,Quadriceps,Quads,Compound,Sagittal,Bodyweight
walking-on-elliptical.gif,Leg,Quadriceps,Quads,Compound,Sagittal,Elliptical
wall-crunch.gif,Abs,Core,Upper Abs,Stretch,Sagittal,Bodyweight
wall-lat-stretch.gif,Back,Upper Back,Latissimus Dorsi,Pull,Transverse,Bodyweight
wall-push-ups.gif,Chest,Pectorals,Upper Chest,Push,Sagittal,Bodyweight
wall-sit.gif,Leg,Quadriceps,Quads,Compound,Sagittal,Bodyweight
wall-walk-muscles.gif,Shoulder,Deltoids,Anterior Delt,Push,Frontal,Bodyweight
weighted-calf-raise.gif,Leg,Calves,Calves,Isolation,Sagittal,Weights
weighted-chin-up-muscles.gif,Back,Upper Back,Latissimus Dorsi,Pull,Transverse,Weights
weighted-decline-crunch.gif,Abs,Core,Upper Abs,Stretch,Sagittal,Weights
weighted-dips.gif,Arm,Upper Arm,Triceps,Push,Sagittal,Weights
weighted-hyperextension.gif,Back,Lower Back,Lower Back,Stability,Sagittal,Cable Machine
weighted-knee-crunch.gif,Abs,Core,Upper Abs,Stretch,Sagittal,Weights
weighted-neutral-grip-pull-up.gif,Back,Upper Back,Latissimus Dorsi,Pull,Transverse,Bodyweight
weighted-pull-up.gif,Back,Upper Back,Latissimus Dorsi,Pull,Transverse,Bodyweight
weighted-push-up.gif,Chest,Pectorals,Middle Chest,Push,Sagittal,Bodyweight
weighted-step-up.gif,Leg,Quadriceps,Quads,Compound,Sagittal,Bodyweight
wide-arm-push-ups.gif,Chest,Pectorals,Middle Chest,Push,Sagittal,Bodyweight
wide-grip-barbell-curls.gif,Arm,Upper Arm,Biceps,Pull,Sagittal,Barbell
wide-grip-drag-curl.gif,Arm,Upper Arm,Biceps,Pull,Sagittal,Dumbbell
wide-grip-ez-bar-curl.gif,Arm,Upper Arm,Biceps,Pull,Sagittal,EZ-Bar
wide-grip-lat-pulldown.gif,Back,Upper Back,Latissimus Dorsi,Pull,Transverse,Cable Machine
wide-grip-pull-up.gif,Back,Upper Back,Latissimus Dorsi,Pull,Transverse,Bodyweight
windshield-wipers.gif,Abs,Core,Obliques,Isolation,Transverse,Bodyweight
wood-chop-muscles.gif,Abs,Core,Obliques,Isolation,Transverse,Cable Machine
wrist-extension.gif,Arm,Forearm,Forearms,Isolation,Sagittal,Cable Machine
wrist-flexion.gif,Arm,Forearm,Forearms,Isolation,Sagittal,Bodyweight
wrist-roller.gif,Arm,Forearm,Forearms,Isolation,Sagittal,Dumbbell
wrist-rotations.gif,Arm,Forearm,Forearms,Isolation,Sagittal,Bodyweight
yates-row.gif,Back,Upper Back,Latissimus Dorsi,Pull,Transverse,Dumbbell
z-press.gif,Shoulder,Deltoids,Anterior Delt,Push,Frontal,Dumbbell
zercher-bulgarian-split-squat.gif,Leg,Quadriceps,Quads,Compound,Sagittal,Bodyweight
zercher-squat.gif,Leg,Quadriceps,Quads,Compound,Sagittal,Bodyweight
,,,,,,
,,,,,,
,,,,,,
,,,,,,
,,,,,,
,,,,,,
,,,,,,
,,,,,,
 ,,,,,,