Filename,Equipment,Muscle
weighted-decline-crunch.gif,,
dumbbell-hammer-curl.gif,dumbbell,
alternate-heel-touchers.gif,,
benefits-of-farmers-walks.gif,,
cable-neutral-grip-lat-pulldown.gif,cable,ab
reverse-hack-squat.gif,,
squat-hips-too-high.gif,,
cable-front-raise-movement.gif,cable,ab
barbell-upright-row-standing.gif,barbell,
squat-hold-2-seconds.gif,,
dumbbell-reverse-wrist-curl-muscles.gif,dumbbell,
barbell-pin-squat.gif,barbell,
barbell-push-jerk-muscles.gif,barbell,
cable-shrug.gif,cable,ab
cable-tricep-pushdown.gif,cable,tricep
close-grip-pushup.gif,,
barbell-incline-bench-press.gif,barbell,
dumbbell-squat.gif,dumbbell,
single-leg-leg-press.gif,,leg
close-grip-barbell-curl.gif,barbell,
dumbbell-goblet-squat-muscles.gif,dumbbell,
forward-bend.gif,,
hollow-body-holds.gif,,
assisted-push-up-with-resistance-band.gif,band,
glute-ham-raise-muscles.gif,,
v-bar-tricep-pushdown.gif,,tricep
dumbbell-swings.gif,dumbbell,
behind-the-back-shrugs.gif,,back
tire-flip.gif,,
diamond-push-up.gif,,
band-pull-through.gif,band,
incline-barbell-bench-press.gif,barbell,
overhead-landmine-squat.gif,,
hip-abduction-machine.gif,,ab
barbell-deadlift-front-view.gif,barbell,
pelvic-tilt.gif,,
pin-press.gif,,
goblet-wall-sit-muscles.gif,,
barbell-clean-and-press-muscles.gif,barbell,
pretzel-stretch.gif,,
heel-elevated-hip-thrust.gif,,
dumbbell-preacher-curl.gif,dumbbell,
dumbbell-concentration-curl.gif,dumbbell,
dumbbell-superman-pulls.gif,dumbbell,
cossack-squat.gif,,
kneeling-cable-press.gif,cable,ab
dumbbell-single-leg-glute-bridge.gif,dumbbell,leg
barbell-deadlift-snatch-grip.gif,barbell,
dead-squat.gif,,
high-cable-fly.gif,cable,ab
band-reverse-squat.gif,band,
weighted-neutral-grip-pull-up.gif,,
rear-delt-fly.gif,,
straight-leg-glute-bridge.gif,,leg
dumbbell-good-morning.gif,dumbbell,
straight-leg-crunch.gif,,leg
barbell-split-squat.gif,barbell,
box-jump.gif,,
barbell-reverse-wrist-curl.gif,barbell,
banded-wide-grip-row.gif,band,
explosive-goblet-squat.gif,,
front-squat-clean-grip.gif,,
boxing-muscles.gif,,
front-squat-finger-tip-grip.gif,,
drag-curl.gif,,
negative-push-up.gif,,
wall-crunch.gif,,
lateral-bicep-curls.gif,,bicep
wood-chop-muscles.gif,,
elbow-to-knee-sit-up-movement.gif,,
kettlebell-good-morning.gif,kettlebell,
sumo-deadlift-from-blocks.gif,,
seated-leg-curl.gif,,leg
smith-machine-calf-raise.gif,smith-machine,
handstand-hold.gif,,
cable-y-raise-movement.gif,cable,ab
heel-raises.gif,,
scapular-pull-up.gif,,
kettlebell-pullover.gif,kettlebell,
crunch.gif,,
cable-cross-over-lat-pulldown.gif,cable,ab
archer-pull-up.gif,,
cable-one-arm-lateral-raise.gif,cable,ab
bench-dips-on-floor.gif,,
cat-pose.gif,,
smith-machine-bent-over-row.gif,smith-machine,
sliding-leg-curl-with-towel.gif,,leg
supine-hamstring-stretch.gif,,
barbell-curl.gif,barbell,
active-hang.gif,,
barbell-concentration-curls.gif,barbell,
cable-bench-press.gif,cable,ab
shoulder-external-rotation-stretch.gif,,shoulder
lat-pulldown-reverse-shrug.gif,,
barbell-pause-bench.gif,barbell,
plie-squat.gif,,
upright-cable-row.gif,cable,ab
deficit-deadlift.gif,,
eccentric-pull-up.gif,,
cable-fly.gif,cable,ab
wrist-rotations.gif,,
side-lunge-stretch.gif,,
dumbbell-incline-hammer-curl.gif,dumbbell,
table-top-glute-bridge.gif,,ab
cable-seated-crunch.gif,cable,ab
chest-press-machine.gif,,chest
behind-the-back-biceps-stretches.gif,,bicep
squat-knees-end-position.gif,,
incline-wall-push-ups.gif,,
incline-cable-curl.gif,cable,ab
kettlebell-side-squat.gif,kettlebell,
leg-press-calf-raise.gif,,leg
dumbbell-seated-zottman-curl.gif,dumbbell,
hanging-leg-raise-movement.gif,,leg
bodyweight-walking-lunge-movement.gif,,
weighted-chin-up-muscles.gif,,
meadows-row.gif,,
cable-one-arm-late-pulldown.gif,cable,ab
seated-overhead-press.gif,,
banded-side-steps.gif,band,
suspended-push-ups.gif,,
hanging-lat-stretch.gif,,
ring-dip.gif,,
band-side-lunge.gif,band,
kneeling-quad-stretch-behind-back.gif,,back
pendulum-stretch.gif,,
smith-machine-lunge.gif,smith-machine,
lying-leg-lifts.gif,,leg
how-to-do-a-kettlebell-sumo-squat.gif,kettlebell,
banded-back-squats.gif,band,back
resistance-band-seated-leg-extension.gif,band,leg
narrow-wall-sit.gif,,
bosu-ball-push-up.gif,,
bodyweight-bulgarian-split-squat.gif,,
barbell-squat-clean.gif,barbell,
cable-preacher-curl.gif,cable,ab
heel-raised-wall-sit.gif,,
front-squat.gif,,
prone-hip-circle.gif,,
reverse-hyperextension-on-bench.gif,,
band-standing-hip-extension.gif,band,
standing-cable-straight-arm-pushdown.gif,cable,ab
squat-tempo-4010.gif,,
pronated-grip-cable-fly.gif,cable,ab
cable-single-arm-hammer-curl.gif,cable,ab
straight-bar-tricep-pushdown.gif,,tricep
overhead-cable-curl.gif,cable,ab
hack-squat-musculature.gif,,
lateral-raise-machine.gif,,
band-hip-abduction-movement.gif,band,ab
close-grip-bench-press-movement.gif,,
dumbbell-face-pull.gif,dumbbell,
archer-push-up.gif,,
kettlebell-pistol-squat.gif,kettlebell,
low-cable-chest-flys.gif,cable,chest
wide-grip-ez-bar-curl.gif,ez-bar,
scapula-push-up.gif,,
handstand-push-up.gif,,
towel-face-pull.gif,,
bench-dip.gif,,
cross-body-hammer-curl.gif,,
dumbbell-deadlift.gif,dumbbell,
hamstring-wall-stretch.gif,,
dumbbell-push-jerk.gif,dumbbell,
stiff-legged-smith-deadlift.gif,,leg
weighted-step-up.gif,,
full-wrist-push-up.gif,,
dumbbell-split-squat.gif,dumbbell,
barbell-pin-press.gif,barbell,
overhead-shrug.gif,,
straight-bar-pushdown.gif,,
zercher-squat.gif,,
cable-standing-crunch.gif,cable,ab
dead-hang.gif,,
jump-rope-without-rope.gif,,
block-pull-deadlift.gif,,
toes-to-bar-muscles.gif,,
barbell-bench-press.gif,barbell,
supinated-lat-pulldown.gif,,
staggered-glute-bridge-muscles.gif,,
ez-bar-reverse-curl.gif,ez-bar,
burpee-jack.gif,,
bench-press-elbow-flaring.gif,,
bosu-ball-crunch.gif,,
dumbbell-stiff-leg-deadlift.gif,dumbbell,leg
kneeling-lunge-stretch-muscles.gif,,
pistol-squat-supported.gif,,
bicycle-crunch.gif,,
assisted-pull-up-machine.gif,,
frog-hip-thrust.gif,,
ab-wheel.gif,,ab
cross-chest-shoulder-stretch.gif,,chest
cobra-push-up-movement.gif,,
tuck-crunch.gif,,
negative-squat.gif,,
clean-and-jerk.gif,,
board-chest-press.gif,,chest
behind-the-back-shrug.gif,,back
cable-seated-row.gif,cable,ab
incline-push-up-bench.gif,,
dumbbell-incline-row.gif,dumbbell,
cable-underhand-row.gif,cable,ab
cable-crossover.gif,cable,ab
how-to-do-a-kettlebell-hang-clean.gif,kettlebell,
sumo-smith-machine-deadlift.gif,smith-machine,
dumbbell-incline-chest-press.gif,dumbbell,chest
leg-extension-machine.gif,,leg
single-leg-calf-raise.gif,,leg
cable-standing-chest-press.gif,cable,chest
wide-grip-lat-pulldown.gif,,
butterfly-sit-up.gif,,
dumbbell-deadlift-movement.gif,dumbbell,
dumbbell-floor-press.gif,dumbbell,
dumbbell-power-clean-animated.gif,dumbbell,
bulgarian-split-spuat.gif,,
suitcase-deadlift.gif,,
scissor-kicks.gif,,
kettlebell-goblet-squat-muscles.gif,kettlebell,
landmine-press.gif,,
smith-machine-bench-press.gif,smith-machine,
cyclist-squat.gif,,
chest-dip-movement.gif,,chest
band-lat-pulldown.gif,band,
lying-knee-to-chest.gif,,chest
behind-the-back-wrist-curl.gif,,back
weighted-knee-crunch.gif,,
lumbar-spine-extension.gif,,
kettlebell-clean-and-jerk-movement.gif,kettlebell,
dumbbell-devils-press-movement.gif,dumbbell,
ez-bar-reverse-grip-curl.gif,ez-bar,
close-grip-pull-up-1024x1024.gif,,
shoulder-pin-press.gif,,shoulder
barbell-romanian-deadlift-movement.gif,barbell,
cable-wide-grip-row.gif,cable,ab
landmine-row.gif,,
kettlebell-single-leg-deadlift.gif,kettlebell,leg
barbell-good-morning.gif,barbell,
how-to-do-a-kettlebell-figure-8.gif,kettlebell,
cable-y-raise.gif,cable,ab
dumbbell-incline-reverse-grip-bench.gif,dumbbell,
supine-leg-raises.gif,,leg
plank-movement.gif,,
cable-shoulder-press.gif,cable,shoulder
dumbbell-bicep-curl.gif,dumbbell,bicep
reverse-grip-barbell-row.gif,barbell,
treadmill.gif,,
barbell-deadlift-mixed-grip.gif,barbell,
knuckle-push-ups.gif,,
inchworm-muscles.gif,,
goblet-box-squat.gif,,
kneeling-hip-thrust.gif,,
bird-dog.gif,,
prone-incline-dumbbell-curl.gif,dumbbell,
dumbbell-jefferson-curl.gif,dumbbell,
reverse-deficit-lunge.gif,,
push-up-bars.gif,,
burpee-mountain-climber.gif,,
frog-pump.gif,,
cable-standing-crossover.gif,cable,ab
seated-calf-raise.gif,,
monkey-row.gif,,
squat-hold-calf-raises.gif,,
barbell-cheat-curl.gif,barbell,
cable-rear-delt-fly.gif,cable,ab
push-up-handles.gif,,
bodyweight-squat.gif,,
burpee-long-jump.gif,,
plank.gif,,
finger-push-up.gif,,
one-arm-dumbbell-upright-row.gif,dumbbell,
standing-calf-raise.gif,,
pull-up.gif,,
svend-press.gif,,
barbell-overhead-squat.gif,barbell,
dumbbell-tricep-kickback.gif,dumbbell,tricep
dumbbell-lunge.gif,dumbbell,
pullover-muscles.gif,,
cable-one-arm-curl.gif,cable,ab
half-knee-bend-squat-1.gif,,
shoulder-tap.gif,,shoulder
smith-machine-squat-benefits.gif,smith-machine,
incline-supinated-dumbbell-chest-press.gif,dumbbell,chest
frog-squat.gif,,
half-knee-bend-squat.gif,,
knee-push-ups.gif,,
band-reverse-fly.gif,band,
dumbbell-single-arm-snatch.gif,dumbbell,
dumbbell-chest-press.gif,dumbbell,chest
walking-on-elliptical.gif,,
barbell-overhead-press.gif,barbell,
single-leg-glute-bridge.gif,,leg
machine-shoulder-press.gif,,shoulder
barbell-rack-pull.gif,barbell,
lying-hamstring-stretch.gif,,
seated-piriformis-stretch.gif,,
hip-circle.gif,,
barbell-floor-press.gif,barbell,
supine-dumbbell-curl.gif,dumbbell,
vacuum-holds.gif,,
dumbbell-rear-delt-fly.gif,dumbbell,
quadriceps-stretch.gif,,
assisted-dip.gif,,
body-saw-plank.gif,,
biceps-curl-jerking-weight.gif,,bicep
anterior-deltoid-stretch.gif,,
close-grip-lat-pulldown-standard-bar-attachment.gif,,
plate-front-raise.gif,,
doorway-chest-stretch.gif,,chest
dumbbell-reverse-fly.gif,dumbbell,
decline-push-up.gif,,
band-chest-press.gif,band,chest
inverted-row.gif,,
leg-extension-toes-inward.gif,,leg
banded-face-pull.gif,band,
ring-muscle-up.gif,,
behind-the-neck-pull-up.gif,,
squat-back-wrong.gif,,back
cable-kickback.gif,cable,back
dumbbell-bench-press.gif,dumbbell,
frog-pose.gif,,
prone-y-raise-movement.gif,,
landmine-deadlift-movement-1024x1024.gif,,
flat-bench-skull-crusher.gif,,
landmine-squat.gif,,
pancake-split-stretch.gif,,
raised-sit-up.gif,,
back-extension.gif,,back
dumbbell-shoulder-press.gif,dumbbell,shoulder
pistol-squat-high-box.gif,,
overhead-tricep-stretch.gif,,tricep
seated-hamstring-stretch.gif,,
pause-jump-squats.gif,,
weighted-hyperextension.gif,,
decline-sit-up.gif,,
barbell-pin-front-squat.gif,barbell,
one-arm-dumbbell-fly.gif,dumbbell,
kettlebell-squat.gif,kettlebell,
straight-leg-deadlift.gif,,leg
kettlebell-squat-clean.gif,kettlebell,
resistance-band-lunge.gif,band,
push-up.gif,,
cable-lying-tricep-extension.gif,cable,tricep
band-internal-rotation.gif,band,
wrist-flexion.gif,,
sumo-air-squat.gif,,
duck-walk.gif,,
overhead-landmine-reverse-lunge.gif,,
cable-lying-pullover.gif,cable,ab
deficit-push-ups.gif,,
lizard-pose-stretch.gif,,
jumping-jacks.gif,,
wall-walk-muscles.gif,,
dumbbell-banded-hip-thrust.gif,band,
lever-hammer-curl-machine.gif,,
weighted-calf-raise.gif,,
pigeon-stretch.gif,,
floor-back-extensions.gif,,back
high-row.gif,,
neutral-grip-lat-pulldown.gif,,
bench-press-feet-up.gif,,
military-press.gif,,
dive-bomber-push-ups.gif,,
deadlift-back-view.gif,,back
single-leg-standing-calf-raise.gif,,leg
single-leg-leg-extension.gif,,leg
deadlift-hook-grip.gif,,
barbell-bench-press-side-view.gif,barbell,
kettlebell-side-lunge.gif,kettlebell,
bodyweight-forward-lunge.gif,,
leg-press.gif,,leg
wrist-circles.gif,,
goblet-side-squat.gif,,
bodyweight-hip-thrust.gif,,
dumbbell-lateral-raise-variations.gif,dumbbell,
running-on-treadmill.gif,,
hex-bar-deadlift.gif,,
how-to-deadlift.gif,,
half-burpee.gif,,
power-clean.gif,,
resistance-band-assisted-chin-ups.gif,band,
standing-bent-knee-hip-adductor-stretch.gif,,
exercise-bike.gif,,
dumbbell-upright-row.gif,dumbbell,
battle-ropes-exercise.gif,,
sumo-deadlift-form.gif,,
cable-step-up.gif,cable,ab
squat-jack-movement.gif,,
weighted-pull-up.gif,,
straight-bar-dips-muscles.gif,,
yates-row.gif,,
ez-bar-bicep-curl.gif,ez-bar,bicep
walking-lunge.gif,,
standing-hamstring-stretch.gif,,
db-push-press.gif,,
reverse-facing-push-ups.gif,,
barbell-hang-clean-muscles.gif,barbell,
tricep-bar-hammer-curl.gif,,tricep
pendulum-stretch-1024x1024.gif,,
cable-high-row-kneeling.gif,cable,ab
barbell-snatch.gif,barbell,
dumbbell-w-raise.gif,dumbbell,
the-kettlebell-halo.gif,kettlebell,
cable-row.gif,cable,ab
dumbbell-hip-thrust.gif,dumbbell,
plate-push.gif,,
barbell-deadlift-movement.gif,barbell,
front-lever.gif,,
single-leg-wall-sit.gif,,leg
inner-bicep-curl.gif,,bicep
cable-reverse-wrist-curl.gif,cable,ab
side-plank-muscles.gif,,
resistance-band-deadlift.gif,band,
plate-pinches.gif,,
cable-drag-curl.gif,cable,ab
band-tricep-pushdown.gif,band,tricep
dumbbell-wrist-curl-1024x1024.gif,dumbbell,
ez-bar-preacher-curl.gif,ez-bar,
cable-front-squat.gif,cable,ab
dumbbell-step-up.gif,dumbbell,
ball-sit-up.gif,,
single-leg-hip-thrust-muscles.gif,,leg
single-arm-dumbbell-row.gif,dumbbell,
resistance-band-jump-squats.gif,band,
crossfit-cluster.gif,,
barbell-bent-over-row.gif,barbell,
exericise-ball-leg-curl.gif,,leg
how-to-kettlebell-deadlift.gif,kettlebell,
arm-circles.gif,,
incline-treadmill.gif,,
reverse-grip-bench-press.gif,,
dumbbell-preacher-hammer-curls.gif,dumbbell,
crunch-floor.gif,,
olympic-bar-curl.gif,,
cabled-seated-rear-lateral-raise.gif,cable,ab
supermans.gif,,
cable-bicep-curl.gif,cable,bicep
boat-pose.gif,,
side-lying-clam.gif,,
tricep-dips.gif,,tricep
b-stance-hip-thrust.gif,,
wall-lat-stretch.gif,,
dumbbell-single-leg-hip-thrust.gif,dumbbell,leg
pendulum-lunge.gif,,
barbell-rollout.gif,barbell,
handstand-pushup.gif,,
lat-pullover.gif,,
smith-machine-deadlift.gif,smith-machine,
shoulder-internal-rotation-stretch.gif,,shoulder
barbell-decline-bench-press.gif,barbell,
dumbbell-walking-lunges.gif,dumbbell,
conventional-sit-up.gif,,
wrist-extension.gif,,
side-lunge.gif,,
cable-tricep-kickback.gif,cable,tricep
self-assisted-inverse-leg-curl.gif,,leg
bench-press-glutes.gif,,
chain-sumo-squat.gif,,
russian-twist.gif,,
dumbbell-leg-curl.gif,dumbbell,leg
chin-ups.gif,,
pec-deck-machine-movement.gif,,
hack-squat-bad-form.gif,,
sled-drag.gif,,
slider-push-ups-muscles.gif,,
bench-tricep-dips.gif,,tricep
hip-swirls.gif,,
dumbbell-reverse-curl.gif,dumbbell,
dumbbell-hack-squat.gif,dumbbell,
power-rack-row.gif,,
kettlebell-single-arm-deadlift.gif,kettlebell,
pvc-hinge-example.gif,,
smith-machine-shrug.gif,smith-machine,
burpee-movement.gif,,
alternating-hammer-curls.gif,,
bodyweight-towel-row.gif,,
kneeling-hip-flexor-stretch.gif,,
close-grip-chin-up.gif,,
band-assisted-chin-up.gif,band,
reverse-grip-push-ups.gif,,
cable-tricep-overhead-extensions.gif,cable,tricep
how-to-do-a-kettlebell-split-squat.gif,kettlebell,
neutral-grip-pull-ups-shoulder-width.gif,,shoulder
hercules-hold.gif,,
hawaiian-squat.gif,,
dumbbell-row.gif,dumbbell,
how-to-do-a-kettlebell-russian-twist.gif,kettlebell,
front-split-pose.gif,,
z-press.gif,,
heel-elevated-bulgarian-split-squat-muscles.gif,,
pistol-squat-muscles.gif,,
dumbbell-sumo-deadlift.gif,dumbbell,
assisted-single-leg-squat.gif,,leg
close-grip-preacher-curl.gif,,
dumbbell-decline-chest-fly.gif,dumbbell,chest
resistance-band-x-lateral-walk.gif,band,
planche-dip.gif,,
dumbbell-sumo-goblet-squat.gif,dumbbell,
resistance-band-hip-thrust.gif,band,
captains-chair-leg-raise.gif,,leg
rope-climb.gif,,
narrow-stance-leg-press.gif,,leg
dumbbell-close-grip-press.gif,dumbbell,
bodyweight-bicep-curl.gif,,bicep
incline-close-grip-press.gif,,
prone-cobra.gif,,
incline-dumbbell-curl.gif,dumbbell,
dumbbell-front-raise.gif,dumbbell,
machine-tricep-extension.gif,,tricep
belt-squat-between-boxes.gif,,
tuck-jump.gif,,
calf-squats.gif,,
dumbbell-pullover.gif,dumbbell,
kettlebell-swing-to-goblet-squat.gif,kettlebell,
spider-curls.gif,,
barbell-hack-squat.gif,barbell,
knee-touch-crunch.gif,,
atg-split-squat.gif,,
pec-deck.gif,,
tate-press.gif,,
band-leg-press.gif,band,leg
lying-hamstring-curl.gif,,
wide-grip-pull-up.gif,,
donkey-calf-raise.gif,,
bridge-pulse.gif,,
band-row.gif,band,
forearm-push-ups.gif,,
barbell-pullover.gif,barbell,
side-crunch.gif,,
neutral-grip-cable-rows.gif,cable,ab
standing-piriformis-stretch.gif,,
weighted-push-up.gif,,
wrist-roller.gif,,
dumbbell-svend-press.gif,dumbbell,
dumbbell-glute-bridge.gif,dumbbell,
cycling-muscles.gif.gif,,
high-bar-squat-form.gif,,
close-grip-band-row.gif,band,
reverse-nordic-curl.gif,,
barbell-shrug-muscles.gif,barbell,
dumbbell-lateral-raise.gif,dumbbell,
squat-jump.gif,,
how-to-do-a-jumping-pull-up.gif,,
goblet-bulgarian-split-squat-muscles.gif,,
dumbbell-burpee-movement.gif,dumbbell,
arnold-presses.gif,,
squat-incorrect-knees.gif,,
cable-reverse-grip-pushdown.gif,cable,ab
burpee-push-up.gif,,
stability-ball-push-up.gif,,ab
stability-ball-wall-sit.gif,,ab
cable-cross-over.gif,cable,ab
commando-pull-up.gif,,
band-pull-apart.gif,band,
knee-extension.gif,,
how-to-do-a-kneeling-squat.gif,,
cable-lying-curl.gif,cable,ab
seated-single-leg-hamstring-stretch.gif,,leg
landmine-deadlift-movement.gif,,
incline-push-up.gif,,
barbell-hip-thrust.gif,barbell,
parallel-bar-dips.gif,,
lying-back-extension.gif,,back
overhead-extension-bicep-stretch.gif,,bicep
cable-pull-through.gif,cable,ab
landmine-deadlift.gif,,
incline-skullcrusher.gif,,
bench-press-shoulders.gif,,shoulder
power-lunge-movement.gif,,
lying-cable-flyes.gif,cable,ab
pin-bench-press.gif,,
dumbbell-chest-fly-muscles.gif,dumbbell,chest
dumbbell-chest-supported-lateral-raise.gif,dumbbell,chest
band-donkey-kickback.gif,band,back
bodyweight-sissy-squat.gif,,
barbell-squat-back-view.gif,barbell,back
squat-to-calf-raise.gif,,
exercise-ball-back-extension.gif,,back
reverse-grip-lat-pulldown.gif,,
decline-pike-push-up.gif,,
incline-dumbbell-hex-press.gif,dumbbell,
burpee-squat.gif,,
mountain-climbers.gif,,
dumbbell-wrist-extension.gif,dumbbell,
trap-bar-jump-squat.gif,,
lateral-step-up-muscles.gif,,
eccentric-deadlift.gif,,
landmine-rdl.gif,,
cable-one-arm-seated-row.gif,cable,ab
belt-squat.gif,,
dumbbell-front-squat.gif,dumbbell,
rope-straight-arm-pulldown.gif,,
dumbbell-side-bend.gif,dumbbell,
ez-barbell-spider-curl.gif,barbell,
full-sit-up.gif,,
lying-side-hip-abduction.gif,,ab
seated-reverse-fly.gif,,
weighted-dips.gif,,
nordic-hamstring-curl-movement.gif,,
reverse-pec-dec-machine.gif,,
deficit-romanian-deadlift.gif,,
assisted-bulgarian-split-squat.gif,,
dumbbell-sumo-squat.gif,dumbbell,
pause-deadlift.gif,,
barbell-narrow-stance-squat.gif,barbell,
kettlebell-lateral-raise.gif,kettlebell,
wide-arm-push-ups.gif,,
standing-figure-four-stretch.gif,,
dumbbell-wrist-curl.gif,dumbbell,
dumbbell-romanian-deadlift.gif,dumbbell,
muscle-ups-movement.gif,,
korean-dips.gif,,
clapping-push-ups.gif,,
dumbbell-military-press.gif,dumbbell,
curtsy-lunge.gif,,
olympic-squat.gif,,
dragon-flag.gif,,
dumbbell-back-extension.gif,dumbbell,back
half-wrist-push-up.gif,,
arm-blaster-benefits.gif,,
dumbbell-lunges.gif,dumbbell,
elbow-extension-biomechanic.gif,,
dumbbell-z-press.gif,dumbbell,
chest-squeeze.gif,,chest
dumbbell-rear-delt-row.gif,dumbbell,
v-squat.gif,,
resistance-band-leg-press.gif,band,leg
box-squat-muscles-used.gif,,
wall-push-ups.gif,,
full-squat-side-view.gif,,
split-squat.gif,,
cable-seated-cross-arm-twist.gif,cable,ab
sphinx-push-up.gif,,
resistance-band-curls.gif,band,
wide-grip-drag-curl.gif,,
side-squat.gif,,
kettlebell-good-morning-behind-head.gif,kettlebell,
lying-dumbbell-lateral-raise.gif,dumbbell,
barbell-jm-press.gif,barbell,
resistance-band-push-ups.gif,band,
lying-leg-curl.gif,,leg
band-pushdown.gif,band,
close-grip-push-up.gif,,
cable-face-pull.gif,cable,ab
how-to-do-a-kettlebell-single-arm-swing.gif,kettlebell,
dumbbell-one-arm-chest-press.gif,dumbbell,chest
neck-curl-bench.gif,,
single-arm-bent-over-row.gif,,
reverse-swimmers.gif,,
reverse-hyperextension.gif,,
band-good-morning.gif,band,
plyometric-push-ups.gif,,
overhead-cable-tricep-extension.gif,cable,tricep
push-press.gif,,
glute-bridge.gif,,
handstand-walk.gif,,
side-leg-swings.gif,,leg
sumo-deadlift.gif,,
butterfly-yoga-pose.gif,,
cable-donkey-kickback-movement.gif,cable,back
standing-cable-row.gif,cable,ab
kettlebell-sumo-deadlift.gif,kettlebell,
elliptical-muscles.gif,,
dumbbell-incline-y-raise.gif,dumbbell,
close-grip-lat-pulldown.gif,,
overhead-squat.gif,,
bodyweight-squat-2.gif,,
lying-leg-raise-hold.gif,,leg
kettlebell-romanian-deadlift.gif,kettlebell,
band-back-row.gif,band,back
kneeling-lat-stretch.gif,,
kettlebell-overhead-squat.gif,kettlebell,
clean-jerk.gif,,
resistance-band-glute-bridge.gif,band,
bear-crawl-movement.gif,,
barbell-reverse-curl.gif,barbell,
kneeling-banded-hip-thrusts.gif,band,
childs-pose.gif,,
negative-calf-raise.gif,,
dumbbell-bent-over-curl.gif,dumbbell,
push-up-jack-muscles.gif,,
band-calf-flexion.gif,band,
elevated-glute-bridge.gif,,
pendlay-row.gif,,
parallel-bar-tricep-dips.gif,,tricep
pike-push-up.gif,,
incline-cable-fly.gif,cable,ab
tricep-dip.gif,,tricep
dumbbell-bulgarian-split-squats.gif,dumbbell,
captains-chair-knee-raise.gif,,
3-board-bench-press.gif,,
rope-hammer-curl-machine.gif,,
dumbbell-deadlift-neutral-grip.gif,dumbbell,
bicycle-crunch-movement.gif,,
stability-ball-rollout.gif,,ab
shoulder-push-up.gif,,shoulder
dumbbell-calf-raise.gif,dumbbell,
v-sit-ups.gif,,
diamond-pushup.gif,,
handstand.gif,,
low-bar-squat-form.gif,,
lying-leg-raise.gif,,leg
jump-rope.gif,,
donkey-kicks.gif,,
leg-extension-machine-1024x1024.gif,,leg
t-bar-row-machine.gif,,
band-chest-fly.gif,band,chest
tricep-overhead-extensions.gif,,tricep
neutral-wrist-position-right-vs-wrong.gif,,
decline-cable-fly.gif,cable,ab
sled-push-muscles.gif,,
one-handed-t-bar-row.gif,,
band-squat.gif,band,
bayesian-curl.gif,,
vertical-rope-pulls.gif,,
ez-bar-tricep-pushdown.gif,ez-bar,tricep
cable-high-row.gif,cable,ab
plank-jack.gif,,
standing-landmine-press.gif,,
dumbbell-shrug.gif,dumbbell,
dumbbell-external-rotation.gif,dumbbell,
skater-squat.gif,,
side-lying-quad-stretch-movement.gif,,
landmine-single-arm-row.gif,,
russian-kettlebell-swing.gif,kettlebell,
barbell-seal-row.gif,barbell,
t-bar-row-muscles.gif,,
cable-standing-calf-raise.gif,cable,ab
wide-grip-barbell-curls.gif,barbell,
wall-sit.gif,,
band-external-rotation.gif,band,
seated-band-hip-abduction.gif,band,ab
barbell-wide-grip-bench-press.gif,barbell,
cable-rear-delt-row.gif,cable,ab
barbell-full-squat.gif,barbell,
prone-quad-stretch.gif,,
frog-crunch.gif,,
push-up-with-rotation.gif,,
monkey-bars.gif,,
low-impact-jack.gif,,
quadruped-leg-curl.gif,,leg
reverse-lunge.gif,,
flying-lizard.gif,,
single-arm-arnold-press.gif,,
kettlebell-upright-row.gif,kettlebell,
smith-machine-single-arm-row.gif,smith-machine,
seated-calf-raise-dumbbell.gif,dumbbell,
cable-knee-crunch.gif,cable,ab
seated-hip-abduction.gif,,ab
bicep-curl-machine.gif,,bicep
barbell-wrist-curl.gif,barbell,
lever-pullover-machine.gif,,
elbow-circles.gif,,
barbell-sumo-squat.gif,barbell,
smith-machine-rack-pull.gif,smith-machine,
muscles-used-to-asian-squat.gif,,
heel-elevated-squat-muscles-used.gif,,
thread-the-needle-stretch.gif,,
decline-crunch.gif,,
anderson-squat.gif,,
dumbbell-hex-press.gif,dumbbell,
barbell-banded-bench-press.gif,band,
donkey-calf-raise-machine.gif,,
cable-lat-pulldown.gif,cable,ab
conventional-single-leg-squat-muscles.gif,,leg
barbell-single-leg-deadlift.gif,barbell,leg
barbell-preacher-curl.gif,barbell,
inverted-row-feet-elevated.gif,,
windshield-wipers.gif,,
reverse-crunch.gif,,
zercher-bulgarian-split-squat.gif,,
band-assisted-pull-up.gif,band,
heel-elevated-goblet-squat.gif,,
standing-lat-stretch.gif,,
close-grip-pull-up.gif,,
kneeling-lat-stretch-on-bench.gif,,
cable-pushdown.gif,cable,ab
renegade-row.gif,,
frog-reverse-hyperextension.gif,,
elbow-flexion.gif,,
seated-quad-stretch.gif,,
deficit-bulgarian-split-squat.gif,,
how-to-row.gif,,
jumping-jack-high-knees.gif,,
standing-smith-machine-shoulder-press.gif,smith-machine,shoulder
single-leg-hamstring-stretch.gif,,leg
shrimp-squat.gif,,
